RAJ2000,DEJ2000,Jmag,Hmag,Kmag,Date
9.633532,84.808350,13.079,12.742,12.729,1999-10-19
8.562472,84.873627,14.459,14.103,14.166,1999-10-19
8.645318,84.868584,10.356,10.057,10.000,1999-10-19
8.698417,84.870300,15.111,14.719,14.715,1999-10-19
8.763521,84.869537,9.333,8.737,8.596,1999-10-19
8.863381,84.851677,16.537,15.688,15.976,1999-10-19
8.918021,84.853104,16.546,16.010,15.443,1999-10-19
8.951852,84.849991,14.649,14.313,14.329,1999-10-19
8.991565,84.856819,16.710,16.092,15.175,1999-10-19
9.035328,84.867874,14.474,13.976,13.917,1999-10-19
9.098960,84.845306,15.525,14.861,14.319,1999-10-19
9.071340,84.867073,16.281,15.812,16.420,1999-10-19
9.214321,84.853638,15.406,15.082,15.299,1999-10-19
9.215737,84.864716,11.605,11.267,11.249,1999-10-19
9.225485,84.856888,14.532,14.199,14.174,1999-10-19
9.372245,84.835274,11.120,10.426,10.329,1999-10-19
9.350154,84.856079,12.242,12.055,12.016,1999-10-19
9.314217,84.871407,17.123,16.151,15.783,1999-10-19
9.338310,84.867470,15.902,15.814,15.359,1999-10-19
9.386980,84.824135,14.131,13.697,13.625,1999-10-19
9.419228,84.873825,16.126,15.554,15.551,1999-10-19
9.442982,84.819138,16.005,15.224,14.911,1999-10-19
9.503164,84.832352,16.536,15.832,15.253,1999-10-19
9.614881,84.852089,10.229,9.914,9.940,1999-10-19
9.611111,84.824387,14.414,14.089,14.113,1999-10-19
9.709846,84.827759,15.918,15.541,14.875,1999-10-19
9.703308,84.871811,14.988,14.405,14.153,1999-10-19
9.796139,84.821831,15.845,15.427,15.533,1999-10-19
9.780599,84.822777,15.814,15.460,14.974,1999-10-19
9.825509,84.864319,15.826,15.173,15.490,1999-10-19
9.853584,84.864143,15.295,14.735,14.669,1999-10-19
9.917026,84.870819,16.739,16.059,16.452,1999-10-19
9.899526,84.812920,16.468,15.739,15.659,1999-10-19
9.880698,84.826767,13.779,13.490,13.518,1999-10-19
9.999536,84.863983,17.261,15.723,15.736,1999-10-19
9.938524,84.833260,13.548,13.186,13.070,1999-10-19
7.760803,84.936783,14.560,14.057,13.941,1999-10-19
7.777549,84.934402,16.350,15.697,15.588,1999-10-19
7.996484,84.924614,14.281,13.967,13.881,1999-10-19
8.025556,84.909241,15.116,14.546,14.436,1999-10-19
8.041531,84.915787,16.279,15.597,15.223,1999-10-19
8.081372,84.917946,16.421,15.774,15.267,1999-10-19
8.162673,84.914299,12.795,12.426,12.350,1999-10-19
8.167121,84.931847,13.917,13.284,13.090,1999-10-19
8.128383,84.903984,16.468,15.726,15.948,1999-10-19
8.180987,84.924149,16.141,15.651,15.359,1999-10-19
8.207237,84.891174,16.602,15.742,14.782,1999-10-19
8.190711,84.932961,14.281,13.917,13.802,1999-10-19
8.233777,84.931267,16.003,15.547,14.989,1999-10-19
8.233646,84.887787,14.924,14.730,14.493,1999-10-19
8.253906,84.904175,11.838,11.543,11.482,1999-10-19
8.336874,84.936852,15.788,15.512,15.493,1999-10-19
8.334936,84.902870,10.599,10.285,10.234,1999-10-19
8.406815,84.914223,16.080,15.594,15.611,1999-10-19
8.379229,84.905945,17.051,16.003,15.954,1999-10-19
8.416531,84.918808,16.019,15.578,15.197,1999-10-19
8.427228,84.890106,15.981,15.256,15.285,1999-10-19
8.409203,84.921280,15.160,14.855,14.808,1999-10-19
8.415496,84.932709,14.995,14.680,14.327,1999-10-19
8.461337,84.899139,10.580,9.764,9.550,1999-10-19
8.564023,84.919640,12.755,12.268,12.207,1999-10-19
8.624154,84.919525,13.932,13.783,13.655,1999-10-19
8.686690,84.917221,15.105,14.839,14.848,1999-10-19
8.688357,84.884514,14.073,13.465,13.372,1999-10-19
8.696451,84.928436,15.553,14.894,14.697,1999-10-19
8.724933,84.879974,15.333,14.520,14.441,1999-10-19
8.708137,84.913399,15.172,14.410,14.376,1999-10-19
8.704481,84.929314,14.803,14.471,14.448,1999-10-19
8.728790,84.900276,16.568,16.628,15.876,1999-10-19
8.687911,84.911133,16.524,15.956,15.595,1999-10-19
8.776228,84.936798,15.481,15.304,15.241,1999-10-19
8.780003,84.927216,14.140,13.908,13.920,1999-10-19
8.836663,84.912590,14.376,14.065,14.049,1999-10-19
8.815518,84.893517,14.768,14.371,14.333,1999-10-19
8.837904,84.897469,15.396,14.732,14.716,1999-10-19
8.887459,84.923553,16.428,15.659,15.514,1999-10-19
8.878513,84.918861,14.370,13.759,13.697,1999-10-19
8.978192,84.891678,14.324,13.692,13.560,1999-10-19
9.060110,84.883995,14.145,13.775,13.706,1999-10-19
9.057729,84.925774,15.130,14.503,14.322,1999-10-19
9.085133,84.900215,16.704,15.940,15.553,1999-10-19
9.138874,84.910484,16.734,15.694,15.566,1999-10-19
9.129044,84.893318,16.299,15.979,15.430,1999-10-19
9.139909,84.886940,15.611,15.017,14.605,1999-10-19
9.189867,84.904381,11.955,11.652,11.626,1999-10-19
9.281608,84.911873,15.649,15.251,15.156,1999-10-19
9.267972,84.934517,13.634,13.321,13.305,1999-10-19
9.257170,84.923798,13.071,12.703,12.697,1999-10-19
9.296563,84.915359,15.631,15.435,15.181,1999-10-19
9.348394,84.901962,16.433,15.158,14.866,1999-10-19
9.354934,84.923119,15.649,15.191,14.887,1999-10-19
9.482935,84.914902,16.661,15.948,16.336,1999-10-19
9.508003,84.935341,14.967,14.488,14.496,1999-10-19
9.511435,84.912239,14.364,13.731,13.426,1999-10-19
9.521205,84.916809,16.421,15.908,15.703,1999-10-19
9.551426,84.920654,15.544,15.260,15.201,1999-10-19
9.598276,84.933151,15.368,14.779,15.075,1999-10-19
9.590694,84.936104,13.620,13.251,13.254,1999-10-19
9.589239,84.914734,16.477,15.697,15.137,1999-10-19
9.667698,84.916031,16.425,15.916,15.755,1999-10-19
9.674428,84.885284,16.160,15.596,15.781,1999-10-19
9.648553,84.934731,11.560,10.923,10.851,1999-10-19
9.695105,84.918152,16.514,15.914,15.560,1999-10-19
9.739132,84.908127,15.676,15.312,15.277,1999-10-19
9.753663,84.888245,16.565,15.397,15.760,1999-10-19
9.756378,84.896271,12.351,12.048,11.959,1999-10-19
9.796971,84.901794,13.212,12.643,12.632,1999-10-19
9.838375,84.900185,17.197,15.972,15.735,1999-10-19
9.895114,84.886467,16.278,15.883,15.552,1999-10-19
9.996956,84.886787,14.791,14.225,13.988,1999-10-19
9.987922,84.875710,16.231,15.695,15.698,1999-10-19
9.985201,84.897202,14.567,14.321,14.287,1999-10-19
7.278839,84.996872,15.782,15.438,15.302,1999-10-19
7.316989,84.973038,10.946,10.722,10.677,1999-10-19
7.632843,84.980804,13.698,13.310,13.337,1999-10-19
7.687958,84.988205,15.641,15.109,14.886,1999-10-19
7.701551,84.969742,16.626,15.932,15.566,1999-10-19
7.750575,84.976730,16.818,16.082,15.600,1999-10-19
7.778941,84.966019,12.626,12.127,12.008,1999-10-19
7.859917,84.940636,16.196,15.496,15.184,1999-10-19
7.898988,84.941406,14.903,14.406,14.469,1999-10-19
7.932572,84.961494,15.266,15.011,14.683,1999-10-19
8.033188,84.992165,15.031,14.506,14.519,1999-10-19
8.089769,84.958878,14.149,13.573,13.555,1999-10-19
8.085003,84.963158,14.534,14.229,14.168,1999-10-19
8.126077,84.997620,16.470,15.783,15.500,1999-10-19
8.303857,84.978432,13.577,13.223,13.133,1999-10-19
8.340812,84.990906,14.136,13.924,13.874,1999-10-19
8.392467,84.952950,16.752,16.229,15.528,1999-10-19
8.462725,84.990990,15.711,15.415,15.232,1999-10-19
8.450753,84.942894,16.611,15.894,15.773,1999-10-19
8.550617,84.971352,14.305,14.025,13.823,1999-10-19
8.525341,84.951126,15.904,15.185,14.991,1999-10-19
8.521468,84.971832,16.269,15.587,15.298,1999-10-19
8.528010,84.966515,15.577,14.972,14.820,1999-10-19
8.532711,84.998306,15.847,15.294,14.944,1999-10-19
8.581829,84.943398,16.562,15.928,15.647,1999-10-19
8.618593,84.977013,15.430,14.733,14.337,1999-10-19
8.699551,84.969971,15.839,15.443,15.123,1999-10-19
8.754358,84.969444,15.853,15.442,15.383,1999-10-19
8.767901,84.988853,8.021,7.887,7.848,1999-10-19
8.842910,84.994293,16.453,16.044,15.726,1999-10-19
8.851767,84.998550,14.743,14.451,14.255,1999-10-19
8.843248,84.985016,14.971,14.441,14.259,1999-10-19
8.846088,84.996887,16.723,15.160,15.209,1999-10-19
8.856933,84.996353,15.966,15.159,15.030,1999-10-19
8.893758,84.943680,16.603,15.603,15.635,1999-10-19
8.896094,84.996239,15.131,14.944,14.808,1999-10-19
8.917135,84.944702,11.314,10.696,10.612,1999-10-19
8.891640,84.963943,15.175,14.535,14.341,1999-10-19
8.928610,84.975883,16.700,16.329,15.606,1999-10-19
8.943695,84.995605,14.971,15.127,14.993,1999-10-19
8.966052,84.962578,16.116,15.709,15.605,1999-10-19
8.960064,84.981270,14.524,14.185,14.191,1999-10-19
8.956023,84.995583,14.704,14.484,14.417,1999-10-19
8.942960,84.953979,13.264,13.006,12.969,1999-10-19
9.028146,84.959282,16.850,15.622,15.560,1999-10-19
9.109987,84.944260,16.076,15.665,15.064,1999-10-19
9.083004,84.952995,16.431,15.850,15.683,1999-10-19
9.215412,84.950775,16.169,15.555,15.084,1999-10-19
9.311737,84.953072,16.803,16.450,15.589,1999-10-19
9.346674,84.995270,15.901,15.361,15.481,1999-10-19
9.373380,84.992584,15.105,14.614,14.442,1999-10-19
9.400957,84.953438,15.229,14.399,14.316,1999-10-19
9.415007,84.958832,12.743,12.419,12.401,1999-10-19
9.382498,84.998962,16.533,15.836,15.652,1999-10-19
9.455320,84.972290,15.891,15.356,15.455,1999-10-19
9.511077,84.943535,16.679,15.830,15.543,1999-10-19
9.607414,84.939835,14.234,13.578,13.514,1999-10-19
9.564490,84.997200,16.245,15.695,15.184,1999-10-19
9.681452,84.952614,15.600,14.836,14.659,1999-10-19
9.794466,84.973778,14.864,14.549,14.651,1999-10-19
9.824224,84.992996,13.917,13.256,13.119,1999-10-19
9.905041,84.946175,16.313,15.765,15.529,1999-10-19
9.932544,84.947906,16.857,15.936,15.480,1999-10-19
9.928989,84.979584,13.442,13.175,13.149,1999-10-19
9.972054,84.965782,15.203,15.003,14.878,1999-10-19
6.728589,85.055016,16.040,15.967,15.602,1999-10-19
6.792651,85.057533,16.707,16.043,15.538,1999-10-19
6.855954,85.038010,16.618,15.483,15.454,1999-10-19
6.875524,85.030869,16.464,16.206,15.688,1999-10-19
6.913985,85.032776,14.539,13.934,13.767,1999-10-19
7.040629,85.058098,15.798,15.189,15.155,1999-10-19
7.022222,85.008919,16.131,15.573,15.581,1999-10-19
7.053007,85.037552,15.295,14.885,14.897,1999-10-19
7.142194,85.043945,15.876,15.235,15.060,1999-10-19
7.173914,85.000626,13.070,12.536,12.401,1999-10-19
7.180723,85.018600,15.109,14.326,14.376,1999-10-19
7.204479,85.039139,15.598,14.732,14.803,1999-10-19
7.207063,85.016457,16.501,15.678,15.183,1999-10-19
7.359083,85.045326,15.934,15.320,14.886,1999-10-19
7.647746,85.010529,16.480,16.706,15.753,1999-10-19
7.711903,85.023720,14.388,13.778,13.558,1999-10-19
7.806406,85.008858,15.544,14.847,14.470,1999-10-19
7.772955,85.026711,9.517,9.399,9.356,1999-10-19
7.847866,85.012711,13.900,13.547,13.445,1999-10-19
7.863150,85.039047,15.135,14.727,14.640,1999-10-19
7.943267,85.013184,16.662,16.040,15.756,1999-10-19
8.039076,85.044670,15.968,16.029,15.573,1999-10-19
8.020187,85.023972,15.520,15.061,14.646,1999-10-19
8.039568,85.040665,12.692,12.039,11.905,1999-10-19
8.102995,85.016296,16.183,15.587,15.324,1999-10-19
8.232789,85.058960,14.151,13.846,13.742,1999-10-19
8.340831,85.012047,15.076,14.452,14.271,1999-10-19
8.366430,85.040352,15.152,14.434,14.285,1999-10-19
8.539676,85.040253,14.443,14.042,13.967,1999-10-19
8.537000,85.026894,15.355,14.829,14.444,1999-10-19
8.549364,85.039490,15.336,14.798,14.579,1999-10-19
8.560609,85.019333,15.968,15.240,14.910,1999-10-19
8.550360,85.010918,14.390,13.708,13.492,1999-10-19
8.565870,85.057114,15.582,14.931,14.724,1999-10-19
8.599309,85.026352,16.710,15.500,15.793,1999-10-19
8.623287,85.045448,9.197,9.074,9.029,1999-10-19
8.635559,85.038841,16.681,15.883,16.591,1999-10-19
8.725502,85.011490,15.198,14.522,14.179,1999-10-19
8.736878,85.049644,15.836,15.274,15.240,1999-10-19
8.691316,85.047890,13.279,12.922,12.883,1999-10-19
8.800574,85.029427,15.721,15.655,15.437,1999-10-19
8.825752,85.059273,16.168,15.610,15.645,1999-10-19
8.933751,85.030708,16.061,15.482,15.558,1999-10-19
8.904983,85.052017,16.678,16.024,15.657,1999-10-19
8.879991,85.047989,15.701,15.169,15.125,1999-10-19
8.952565,85.020851,16.673,16.024,15.222,1999-10-19
9.038148,85.045822,15.374,14.743,14.513,1999-10-19
9.048331,85.032211,14.808,14.318,14.451,1999-10-19
9.123949,85.027718,16.578,15.856,15.782,1999-10-19
9.122411,85.025352,16.658,15.791,15.585,1999-10-19
9.127287,85.057037,16.674,16.390,15.320,1999-10-19
9.166565,85.055054,13.729,13.303,13.190,1999-10-19
9.136117,85.062302,14.770,14.275,14.293,1999-10-19
9.179984,85.038734,14.417,13.716,13.664,1999-10-19
9.172393,85.010887,16.247,15.830,15.510,1999-10-19
9.187841,85.024368,13.629,13.305,13.247,1999-10-19
9.203331,85.058372,16.406,16.187,15.535,1999-10-19
9.224042,85.035439,14.599,14.238,14.343,1999-10-19
9.189914,85.020134,13.906,13.468,13.426,1999-10-19
9.285634,85.022102,16.357,15.342,14.848,1999-10-19
9.260139,85.031845,14.806,14.442,14.582,1999-10-19
9.353800,85.038452,15.978,15.647,15.191,1999-10-19
9.360677,85.007019,15.486,14.975,15.099,1999-10-19
9.382260,85.037636,15.093,14.635,14.496,1999-10-19
9.434464,85.041954,15.655,15.361,15.394,1999-10-19
9.396207,85.002823,15.762,15.085,14.940,1999-10-19
9.494953,85.025925,14.691,14.402,14.289,1999-10-19
9.539511,85.000549,15.988,15.192,15.024,1999-10-19
9.621464,85.049164,15.146,14.492,14.317,1999-10-19
9.666456,85.046593,14.174,13.707,13.633,1999-10-19
9.681910,85.030708,16.716,15.995,15.414,1999-10-19
9.686932,85.057854,12.794,12.511,12.476,1999-10-19
9.666069,85.006073,11.069,10.519,10.454,1999-10-19
9.747598,85.056252,12.999,12.428,12.417,1999-10-19
9.872290,85.016533,11.789,11.347,11.251,1999-10-19
9.812830,85.045067,15.466,15.157,14.903,1999-10-19
9.878077,85.006882,15.546,14.774,14.756,1999-10-19
9.933266,85.012703,16.189,15.714,15.419,1999-10-19
9.931003,85.026253,16.735,16.027,15.600,1999-10-19
9.894453,85.062401,15.525,14.904,14.663,1999-10-19
9.906250,85.005814,16.043,15.412,15.180,1999-10-19
9.926506,85.052551,13.519,13.153,13.037,1999-10-19
9.923737,85.006783,16.635,15.697,15.850,1999-10-19
9.950981,85.037712,16.789,15.899,15.652,1999-10-19
6.541891,85.102547,11.257,10.891,10.815,1999-10-19
6.667691,85.087830,14.617,14.344,14.267,1999-10-19
6.656654,85.096695,15.674,15.293,15.044,1999-10-19
6.743167,85.095871,12.074,11.753,11.715,1999-10-19
6.726261,85.123650,12.418,12.155,12.075,1999-10-19
6.799964,85.087746,16.231,15.599,15.353,1999-10-19
6.771705,85.067535,16.928,16.490,15.727,1999-10-19
6.782967,85.075562,14.584,14.303,14.191,1999-10-19
6.829676,85.096115,14.781,14.160,13.946,1999-10-19
6.846779,85.101883,13.144,12.824,12.785,1999-10-19
6.869727,85.109032,14.139,13.891,13.892,1999-10-19
6.852983,85.107254,16.499,15.566,15.488,1999-10-19
6.874382,85.065666,15.032,14.815,14.642,1999-10-19
6.911546,85.106407,15.370,14.987,14.859,1999-10-19
6.980499,85.115913,15.961,15.851,15.736,1999-10-19
6.948461,85.123436,15.795,15.181,14.934,1999-10-19
6.967052,85.096794,15.954,15.401,14.993,1999-10-19
6.988253,85.106606,16.692,15.909,17.124,1999-10-19
6.987816,85.119759,10.499,10.262,10.212,1999-10-19
6.945855,85.069588,15.144,14.906,14.824,1999-10-19
7.044874,85.096466,14.321,14.111,13.925,1999-10-19
7.008354,85.089958,12.407,12.086,12.032,1999-10-19
7.083429,85.062828,15.137,14.805,14.629,1999-10-19
7.110023,85.069321,15.798,15.096,14.793,1999-10-19
7.175321,85.085571,11.593,11.373,11.304,1999-10-19
7.141353,85.063202,16.584,15.831,15.768,1999-10-19
7.131368,85.087845,16.663,15.126,15.229,1999-10-19
7.128460,85.089272,14.314,13.960,13.900,1999-10-19
7.216088,85.093704,14.785,14.198,14.150,1999-10-19
7.328956,85.102570,16.346,15.798,15.592,1999-10-19
7.333416,85.115807,16.442,15.619,15.593,1999-10-19
7.370466,85.076126,15.786,15.429,15.245,1999-10-19
7.407594,85.121681,15.009,14.661,14.653,1999-10-19
7.399543,85.075172,16.248,15.516,15.293,1999-10-19
7.481721,85.099854,14.412,14.207,14.227,1999-10-19
7.545099,85.077095,16.441,15.708,15.458,1999-10-19
7.564653,85.098938,16.923,15.995,15.236,1999-10-19
7.597195,85.119408,13.055,12.675,12.552,1999-10-19
7.615526,85.083519,12.637,12.234,12.168,1999-10-19
7.640994,85.077065,16.585,15.544,15.011,1999-10-19
7.656392,85.063675,16.563,16.176,15.932,1999-10-19
7.684472,85.101273,16.506,16.340,15.324,1999-10-19
7.671902,85.068283,16.724,15.956,15.595,1999-10-19
7.695165,85.116577,11.665,11.114,11.048,1999-10-19
7.784911,85.102615,14.956,14.269,14.127,1999-10-19
7.845544,85.077148,15.602,15.137,15.249,1999-10-19
7.905504,85.102905,16.461,15.958,15.150,1999-10-19
7.927239,85.104156,15.927,15.780,15.493,1999-10-19
7.925635,85.068878,16.689,15.796,14.984,1999-10-19
7.916574,85.112144,16.721,15.796,17.091,1999-10-19
7.954853,85.072723,14.123,13.695,13.750,1999-10-19
7.982158,85.074348,16.036,15.439,15.698,1999-10-19
8.017072,85.065788,16.427,15.736,14.719,1999-10-19
8.025290,85.109665,16.420,16.089,15.355,1999-10-19
8.095473,85.074127,15.666,14.957,14.939,1999-10-19
8.065194,85.113983,13.910,13.503,13.348,1999-10-19
8.157012,85.065811,15.702,15.163,14.909,1999-10-19
8.216948,85.071434,14.147,13.640,13.536,1999-10-19
8.241561,85.088142,14.749,14.279,14.191,1999-10-19
8.196275,85.067886,13.503,13.199,13.106,1999-10-19
8.252967,85.119324,14.353,13.768,13.487,1999-10-19
8.254476,85.099518,14.265,13.810,13.684,1999-10-19
8.251988,85.124985,15.818,15.195,14.882,1999-10-19
8.326953,85.114044,15.935,15.410,15.257,1999-10-19
8.314371,85.091347,14.818,14.273,14.318,1999-10-19
8.351806,85.094391,15.839,15.128,15.097,1999-10-19
8.379798,85.090477,16.034,15.580,15.372,1999-10-19
8.402699,85.068161,14.614,14.321,14.177,1999-10-19
8.478314,85.080368,13.724,13.126,13.002,1999-10-19
8.519088,85.079948,15.465,15.154,15.317,1999-10-19
8.506879,85.107964,16.640,16.227,15.665,1999-10-19
8.557587,85.091530,16.353,15.436,14.329,1999-10-19
8.558364,85.072067,14.280,13.849,13.834,1999-10-19
8.513888,85.091003,14.544,14.124,13.989,1999-10-19
8.563409,85.090553,16.530,16.023,14.856,1999-10-19
8.723850,85.101120,16.456,15.789,15.328,1999-10-19
8.853894,85.072327,15.705,15.440,15.347,1999-10-19
8.892129,85.113640,16.693,16.208,16.130,1999-10-19
8.897466,85.110054,16.395,15.949,15.693,1999-10-19
8.924249,85.096992,15.294,14.815,14.529,1999-10-19
8.952244,85.119278,16.197,15.794,15.644,1999-10-19
8.992578,85.088966,16.653,15.789,15.853,1999-10-19
8.991729,85.093506,15.767,15.164,15.488,1999-10-19
8.986602,85.098190,14.160,13.766,13.587,1999-10-19
9.049192,85.103683,16.143,15.658,15.154,1999-10-19
9.124768,85.073738,14.511,13.904,13.792,1999-10-19
9.074185,85.089592,15.408,15.077,14.875,1999-10-19
9.168030,85.069855,15.165,14.530,14.353,1999-10-19
9.226806,85.076622,16.761,16.135,15.571,1999-10-19
9.227191,85.080574,15.864,15.363,15.417,1999-10-19
9.272532,85.105965,12.297,12.016,11.974,1999-10-19
9.286130,85.115471,14.606,13.975,13.879,1999-10-19
9.261913,85.120438,14.811,14.076,13.929,1999-10-19
9.349465,85.089195,14.090,15.229,15.127,1999-10-19
9.411548,85.108154,16.485,15.479,15.375,1999-10-19
9.377441,85.092712,6.281,5.764,5.648,1999-10-19
9.388827,85.069794,12.990,12.510,12.439,1999-10-19
9.463507,85.075218,14.391,14.024,14.058,1999-10-19
9.474915,85.123718,16.727,15.956,15.385,1999-10-19
9.501808,85.094604,15.608,14.943,14.591,1999-10-19
9.532328,85.106056,14.350,13.661,13.531,1999-10-19
9.515725,85.121994,16.021,15.467,15.119,1999-10-19
9.520619,85.118057,15.408,15.191,15.178,1999-10-19
9.534931,85.076889,15.759,15.416,15.230,1999-10-19
9.651077,85.097626,14.783,14.523,14.406,1999-10-19
9.672225,85.117531,14.445,14.016,13.931,1999-10-19
9.713636,85.120010,14.525,14.211,14.144,1999-10-19
9.733004,85.092400,14.395,13.947,13.810,1999-10-19
9.767186,85.102333,15.820,15.171,15.026,1999-10-19
9.782160,85.067566,16.556,15.891,15.625,1999-10-19
9.832490,85.065437,16.172,15.578,16.137,1999-10-19
9.852953,85.110909,13.777,13.111,12.933,1999-10-19
9.903139,85.101219,13.684,13.344,13.254,1999-10-19
9.877716,85.066513,15.985,15.708,15.571,1999-10-19
9.959020,85.097656,15.708,15.270,15.047,1999-10-19
9.937678,85.080551,16.453,15.776,15.489,1999-10-19
9.960790,85.123535,15.372,15.075,15.086,1999-10-19
6.315889,85.176064,16.036,15.921,15.963,1999-10-19
6.372770,85.170540,16.241,15.753,15.262,1999-10-19
6.387364,85.152061,16.655,16.031,15.390,1999-10-19
6.384819,85.162857,16.417,15.703,16.053,1999-10-19
6.456677,85.164368,16.296,15.786,15.299,1999-10-19
6.543751,85.138641,13.925,13.538,13.433,1999-10-19
6.520282,85.164970,16.312,15.847,15.518,1999-10-19
6.526915,85.156342,14.826,14.456,14.412,1999-10-19
6.556510,85.126495,15.996,15.188,15.145,1999-10-19
6.607953,85.146049,13.822,13.563,13.498,1999-10-19
6.603277,85.135956,16.845,15.736,15.439,1999-10-19
6.660384,85.129776,15.617,15.301,15.457,1999-10-19
6.745198,85.160950,16.323,15.066,15.467,1999-10-19
6.692477,85.140976,16.266,15.577,15.231,1999-10-19
6.808823,85.141418,15.652,15.423,15.191,1999-10-19
6.769364,85.137291,14.473,14.137,14.160,1999-10-19
6.763370,85.157478,14.418,14.025,13.930,1999-10-19
6.847877,85.141853,15.454,14.794,14.507,1999-10-19
6.854780,85.173027,16.369,15.474,15.570,1999-10-19
6.877306,85.135849,15.322,14.884,15.233,1999-10-19
6.882735,85.158081,13.123,12.833,12.777,1999-10-19
6.898275,85.175529,16.497,15.681,15.364,1999-10-19
6.917358,85.169914,15.173,14.519,14.357,1999-10-19
6.983260,85.138680,14.365,14.039,14.027,1999-10-19
6.939347,85.177902,13.413,13.200,13.173,1999-10-19
7.051322,85.127876,11.763,11.264,11.172,1999-10-19
7.006330,85.186340,15.950,15.226,15.200,1999-10-19
7.116616,85.169182,16.509,15.375,15.959,1999-10-19
7.162748,85.182777,14.151,13.584,13.346,1999-10-19
7.174758,85.183876,16.637,15.577,15.022,1999-10-19
7.153941,85.174759,14.421,14.110,14.003,1999-10-19
7.279591,85.147659,16.626,15.790,15.708,1999-10-19
7.328983,85.171638,15.069,14.965,14.740,1999-10-19
7.351904,85.125740,14.052,13.520,13.417,1999-10-19
7.319288,85.130150,14.240,14.018,14.052,1999-10-19
7.475424,85.163383,16.380,16.028,16.267,1999-10-19
7.479960,85.141632,15.777,15.372,15.280,1999-10-19
7.545449,85.163864,14.374,13.905,13.887,1999-10-19
7.533991,85.155350,13.669,13.251,13.247,1999-10-19
7.590148,85.135170,16.642,15.953,14.586,1999-10-19
7.778276,85.147079,11.518,11.148,11.021,1999-10-19
7.869006,85.131950,15.563,15.094,14.965,1999-10-19
7.906572,85.141487,14.546,14.164,14.047,1999-10-19
7.961494,85.133240,7.466,6.599,6.400,1999-10-19
8.006092,85.160851,16.466,15.981,15.064,1999-10-19
8.021278,85.183159,15.194,14.951,14.798,1999-10-19
8.121286,85.172913,16.847,16.494,15.793,1999-10-19
8.144145,85.129799,15.719,15.172,15.033,1999-10-19
8.130478,85.166672,15.034,14.409,14.211,1999-10-19
8.190391,85.174515,16.602,15.966,16.041,1999-10-19
8.243019,85.127579,14.874,14.353,14.184,1999-10-19
8.336431,85.166740,9.976,9.350,9.145,1999-10-19
8.339679,85.145668,16.210,15.465,15.372,1999-10-19
8.360038,85.139946,14.164,13.915,13.803,1999-10-19
8.381146,85.128799,16.557,16.117,15.472,1999-10-19
8.396966,85.172455,16.305,15.640,15.504,1999-10-19
8.415470,85.160362,16.315,15.418,15.345,1999-10-19
8.491861,85.164711,15.457,15.043,14.875,1999-10-19
8.447996,85.170288,15.126,14.366,14.240,1999-10-19
8.555694,85.131516,15.125,14.793,14.777,1999-10-19
8.530919,85.143456,15.575,14.856,14.646,1999-10-19
8.519424,85.156387,16.492,15.888,15.454,1999-10-19
8.532362,85.133736,14.593,14.061,14.039,1999-10-19
8.582032,85.157684,15.012,14.371,14.297,1999-10-19
8.626559,85.166809,15.299,14.916,15.066,1999-10-19
8.662574,85.144585,16.084,15.696,15.782,1999-10-19
8.632537,85.154846,15.752,15.301,14.963,1999-10-19
8.748643,85.133942,15.415,14.953,14.790,1999-10-19
8.740463,85.127159,16.432,15.742,15.791,1999-10-19
8.713242,85.149147,15.745,15.110,15.133,1999-10-19
8.696772,85.181931,12.729,12.136,12.044,1999-10-19
8.747049,85.145935,14.194,13.923,13.839,1999-10-19
8.731582,85.171120,16.078,15.562,15.290,1999-10-19
8.739172,85.183998,11.696,11.162,11.066,1999-10-19
8.800450,85.139992,16.656,15.944,15.791,1999-10-19
8.797565,85.175049,15.789,15.406,14.993,1999-10-19
8.908102,85.174858,15.262,14.534,14.500,1999-10-19
8.948407,85.175995,15.282,14.546,14.444,1999-10-19
8.984097,85.132202,16.350,15.907,15.347,1999-10-19
9.023236,85.140152,16.719,16.167,15.487,1999-10-19
9.060155,85.155098,13.077,12.454,12.359,1999-10-19
9.024819,85.161362,15.755,15.183,15.068,1999-10-19
9.091900,85.163940,16.466,15.880,15.616,1999-10-19
9.069471,85.163849,13.967,13.706,13.659,1999-10-19
9.093945,85.156586,16.657,15.809,15.299,1999-10-19
9.081182,85.181755,15.813,15.661,15.145,1999-10-19
9.143162,85.163681,16.628,15.807,15.483,1999-10-19
9.151538,85.140907,16.890,16.013,15.527,1999-10-19
9.159184,85.165054,16.514,15.773,15.789,1999-10-19
9.174212,85.131264,15.614,14.974,14.849,1999-10-19
9.212684,85.167435,14.575,14.205,14.254,1999-10-19
9.238758,85.141968,12.759,12.405,12.383,1999-10-19
9.277112,85.126244,9.932,9.340,9.218,1999-10-19
9.250801,85.142365,13.338,12.985,12.878,1999-10-19
9.294810,85.163345,16.009,15.448,15.198,1999-10-19
9.363729,85.174461,15.235,14.796,14.653,1999-10-19
9.399652,85.154099,16.637,17.441,15.292,1999-10-19
9.389896,85.129707,14.457,14.131,13.961,1999-10-19
9.467305,85.186157,16.838,15.865,15.326,1999-10-19
9.492581,85.125877,16.507,15.999,15.664,1999-10-19
9.454275,85.178932,14.103,13.680,13.583,1999-10-19
9.555038,85.152237,14.990,14.623,14.379,1999-10-19
9.553812,85.165047,13.289,12.740,12.670,1999-10-19
9.549021,85.159355,12.951,12.538,12.492,1999-10-19
9.505953,85.131233,15.756,15.081,14.950,1999-10-19
9.670197,85.153320,16.658,15.842,15.120,1999-10-19
9.644640,85.132935,16.679,16.239,17.101,1999-10-19
9.634776,85.135757,14.050,13.725,13.701,1999-10-19
9.729042,85.175758,16.295,15.512,15.241,1999-10-19
9.699552,85.165306,15.756,15.001,15.113,1999-10-19
9.774451,85.155983,11.304,11.186,11.193,1999-10-19
9.755310,85.150307,16.667,17.252,16.446,1999-10-19
9.860950,85.149460,16.098,15.766,15.407,1999-10-19
9.994142,85.164795,16.436,16.304,15.524,1999-10-19
9.996487,85.167503,16.592,15.821,15.917,1999-10-19
9.980656,85.186089,15.441,14.771,14.456,1999-10-19
9.960047,85.181984,15.059,14.574,14.480,1999-10-19
9.949794,85.153595,16.731,17.339,16.072,1999-10-19
6.107759,85.220436,15.384,14.825,14.398,1999-10-19
6.103257,85.225044,14.667,14.181,14.166,1999-10-19
6.162311,85.215660,16.243,15.640,15.502,1999-10-19
6.219447,85.216705,16.529,16.005,15.592,1999-10-19
6.196116,85.238174,14.682,14.493,14.302,1999-10-19
6.311044,85.235863,13.865,13.534,13.504,1999-10-19
6.340584,85.200325,14.710,14.293,14.236,1999-10-19
6.365743,85.188194,16.021,15.378,16.012,1999-10-19
6.488503,85.243118,13.448,13.103,13.027,1999-10-19
6.493651,85.235725,16.095,15.601,15.487,1999-10-19
6.459618,85.190475,15.208,15.005,14.847,1999-10-19
6.486313,85.195786,16.485,15.920,15.772,1999-10-19
6.457516,85.225655,16.290,15.487,15.134,1999-10-19
6.500495,85.201218,14.842,14.330,14.061,1999-10-19
6.623730,85.233383,15.812,15.314,15.099,1999-10-19
6.616792,85.220573,14.178,13.896,13.797,1999-10-19
6.661661,85.199898,14.204,13.620,13.560,1999-10-19
6.700334,85.197807,16.306,15.840,15.751,1999-10-19
6.802081,85.240929,11.458,10.926,10.857,1999-10-19
6.821951,85.193520,15.365,14.732,14.780,1999-10-19
7.001537,85.190926,11.598,11.062,10.903,1999-10-19
7.099650,85.224503,13.196,12.826,12.708,1999-10-19
7.114693,85.228745,16.171,15.386,15.489,1999-10-19
7.147626,85.203796,17.136,16.242,15.492,1999-10-19
7.138627,85.198975,13.956,13.602,13.606,1999-10-19
7.271949,85.207481,16.187,15.462,15.233,1999-10-19
7.333041,85.249413,16.623,15.370,15.660,1999-10-19
7.321827,85.197502,15.363,14.807,14.441,1999-10-19
7.389640,85.214935,15.458,15.089,14.900,1999-10-19
7.441594,85.237976,16.179,15.622,15.449,1999-10-19
7.446343,85.210075,15.505,15.148,15.032,1999-10-19
7.493183,85.232605,14.724,14.107,13.882,1999-10-19
7.437530,85.201500,15.980,15.691,15.691,1999-10-19
7.663928,85.195496,16.188,15.741,15.512,1999-10-19
7.704621,85.203239,16.532,15.890,15.234,1999-10-19
7.691078,85.216698,16.582,16.095,15.270,1999-10-19
7.721407,85.195068,15.767,15.287,14.866,1999-10-19
7.748540,85.229897,16.528,16.014,15.833,1999-10-19
7.765769,85.191658,16.015,15.359,14.895,1999-10-19
7.797128,85.189896,13.221,12.755,12.689,1999-10-19
7.824711,85.192291,13.871,13.504,13.475,1999-10-19
7.870799,85.230240,15.899,15.322,15.046,1999-10-19
7.875716,85.243271,15.687,15.099,15.117,1999-10-19
7.889334,85.239700,16.626,15.748,15.431,1999-10-19
7.962725,85.243813,15.480,14.848,14.665,1999-10-19
7.979252,85.236244,14.133,13.535,13.254,1999-10-19
7.974777,85.198502,14.893,14.592,14.449,1999-10-19
7.981340,85.224510,16.145,15.508,15.305,1999-10-19
8.003295,85.196251,10.451,9.840,9.699,1999-10-19
8.115782,85.239746,16.503,15.494,15.217,1999-10-19
8.158072,85.190254,14.987,14.884,14.690,1999-10-19
8.241983,85.201935,10.951,10.426,10.289,1999-10-19
8.295133,85.208733,15.972,15.264,14.919,1999-10-19
8.363661,85.211418,15.945,15.325,15.159,1999-10-19
8.319911,85.225945,16.535,15.910,15.473,1999-10-19
8.473063,85.230080,17.269,15.987,15.618,1999-10-19
8.488212,85.236198,14.740,14.353,14.276,1999-10-19
8.512303,85.201172,14.781,14.583,14.392,1999-10-19
8.515994,85.230446,15.608,15.066,14.884,1999-10-19
8.501266,85.187584,14.947,14.711,14.569,1999-10-19
8.530701,85.238739,14.271,13.955,13.826,1999-10-19
8.503024,85.235687,16.144,15.788,15.605,1999-10-19
8.566168,85.195953,14.915,14.545,14.494,1999-10-19
8.650748,85.220566,15.730,15.217,14.972,1999-10-19
8.699184,85.227234,12.713,12.431,12.342,1999-10-19
8.709678,85.211700,16.641,16.996,16.654,1999-10-19
8.692705,85.230965,14.296,13.965,13.767,1999-10-19
8.687876,85.201637,13.559,13.121,13.005,1999-10-19
8.779190,85.204483,16.055,15.303,15.493,1999-10-19
8.830322,85.241302,16.237,15.747,15.568,1999-10-19
8.843865,85.199959,16.346,15.725,15.433,1999-10-19
8.836135,85.228973,15.926,15.121,14.969,1999-10-19
8.913479,85.241234,14.601,14.147,14.083,1999-10-19
8.975215,85.201630,15.932,15.529,15.399,1999-10-19
9.024693,85.241432,16.784,15.678,14.905,1999-10-19
9.048699,85.223915,13.929,13.352,13.141,1999-10-19
9.001450,85.218849,14.893,14.464,14.303,1999-10-19
9.058592,85.209465,15.835,15.586,15.352,1999-10-19
9.014917,85.246094,9.782,9.148,8.993,1999-10-19
9.125791,85.212105,16.678,16.301,17.111,1999-10-19
9.180165,85.215645,15.896,15.411,15.644,1999-10-19
9.148377,85.249077,14.221,13.720,13.652,1999-10-19
9.209612,85.230507,16.130,15.584,14.998,1999-10-19
9.217039,85.236305,16.771,15.904,15.413,1999-10-19
9.248459,85.190498,15.977,15.219,15.316,1999-10-19
9.279121,85.241341,16.543,16.117,15.417,1999-10-19
9.294086,85.220154,16.396,15.618,15.432,1999-10-19
9.328697,85.212196,15.432,15.044,15.093,1999-10-19
9.337914,85.227142,16.344,15.787,16.338,1999-10-19
9.416964,85.231781,15.139,14.562,14.339,1999-10-19
9.402413,85.241264,13.161,12.784,12.672,1999-10-19
9.463672,85.239410,16.613,15.631,16.724,1999-10-19
9.472096,85.200790,14.226,13.803,13.731,1999-10-19
9.473218,85.227318,15.819,15.282,15.157,1999-10-19
9.541515,85.249161,14.513,14.186,14.126,1999-10-19
9.547062,85.237869,15.252,14.988,14.682,1999-10-19
9.583946,85.189049,15.020,14.511,14.455,1999-10-19
9.588176,85.243393,15.311,14.725,14.502,1999-10-19
9.577192,85.197227,16.215,15.540,15.387,1999-10-19
9.607737,85.218063,16.276,16.029,15.831,1999-10-19
9.596214,85.238686,14.555,14.360,14.222,1999-10-19
9.660045,85.222488,14.551,14.250,14.163,1999-10-19
9.654420,85.188553,15.717,15.361,15.196,1999-10-19
9.661621,85.220665,15.787,15.148,15.181,1999-10-19
9.664958,85.195839,14.807,14.445,14.531,1999-10-19
9.744498,85.201309,14.803,14.450,14.520,1999-10-19
9.709318,85.190880,15.126,14.788,14.866,1999-10-19
9.772420,85.233582,16.456,15.946,15.758,1999-10-19
9.758216,85.221977,15.517,15.186,15.070,1999-10-19
9.802243,85.197487,15.201,14.860,14.702,1999-10-19
9.772722,85.239899,14.183,13.515,13.401,1999-10-19
9.815493,85.248405,14.776,14.216,13.912,1999-10-19
9.883089,85.228119,14.560,14.165,14.030,1999-10-19
9.938248,85.237183,16.645,16.146,16.638,1999-10-19
6.080515,85.297012,15.723,15.148,15.259,1999-10-19
6.139432,85.259544,14.326,13.839,13.739,1999-10-19
6.174483,85.281357,16.416,15.694,15.516,1999-10-19
6.155463,85.298538,16.800,16.240,15.766,1999-10-19
6.130117,85.261383,16.398,16.151,15.099,1999-10-19
6.146761,85.260674,16.316,15.793,14.675,1999-10-19
6.146701,85.265488,15.071,14.553,14.593,1999-10-19
6.207503,85.297401,15.693,15.430,15.248,1999-10-19
6.311249,85.252716,14.936,14.452,14.275,1999-10-19
6.359380,85.286072,13.622,13.348,13.289,1999-10-19
6.368415,85.282814,16.690,16.035,15.771,1999-10-19
6.410221,85.259789,16.109,15.653,15.402,1999-10-19
6.412639,85.264610,16.515,15.906,15.805,1999-10-19
6.482401,85.289543,15.759,15.451,15.104,1999-10-19
6.493525,85.271935,16.452,15.819,15.458,1999-10-19
6.530107,85.260979,15.554,14.986,14.628,1999-10-19
6.543026,85.259476,14.941,14.325,14.201,1999-10-19
6.603591,85.288986,14.477,13.883,13.744,1999-10-19
6.686301,85.309959,13.991,13.871,13.739,1999-10-19
6.659083,85.311707,16.720,15.942,15.640,1999-10-19
6.671630,85.276810,16.422,15.742,15.628,1999-10-19
6.728787,85.264633,15.475,14.921,14.971,1999-10-19
6.720774,85.282600,15.591,15.077,15.081,1999-10-19
6.688115,85.250908,15.795,15.115,15.232,1999-10-19
6.808545,85.252098,15.684,15.139,14.918,1999-10-19
6.797829,85.307541,13.666,13.166,13.043,1999-10-19
6.817310,85.301460,16.531,15.927,15.843,1999-10-19
6.829555,85.303764,13.446,12.970,12.870,1999-10-19
6.855508,85.305565,14.632,14.361,14.277,1999-10-19
6.830398,85.309166,16.406,15.808,15.850,1999-10-19
6.827603,85.252800,15.649,15.067,15.174,1999-10-19
6.903991,85.269073,13.595,13.314,13.234,1999-10-19
6.924564,85.250847,16.385,16.573,15.723,1999-10-19
6.900491,85.271790,14.676,14.259,14.079,1999-10-19
6.960618,85.255165,16.307,15.919,15.828,1999-10-19
6.954025,85.291817,14.894,14.927,14.794,1999-10-19
7.015206,85.265770,16.392,15.586,16.565,1999-10-19
7.219838,85.254936,16.090,15.492,15.500,1999-10-19
7.305167,85.250969,16.412,16.161,16.806,1999-10-19
7.329605,85.276360,15.467,14.903,14.534,1999-10-19
7.339332,85.273056,15.228,14.598,14.420,1999-10-19
7.399983,85.280602,15.388,14.974,14.635,1999-10-19
7.431752,85.281837,15.138,14.557,14.415,1999-10-19
7.533892,85.296371,13.896,9.178,8.993,1999-10-19
7.533382,85.295677,9.700,8.910,8.708,1999-10-19
7.551995,85.295593,15.995,11.350,11.139,1999-10-19
7.537927,85.292320,13.594,13.097,12.915,1999-10-19
7.554363,85.254578,16.507,15.687,17.091,1999-10-19
7.591921,85.310555,16.657,15.936,16.223,1999-10-19
7.623934,85.273010,16.491,16.073,15.330,1999-10-19
7.578620,85.280746,15.455,15.003,14.581,1999-10-19
7.759022,85.277351,15.606,15.091,15.069,1999-10-19
7.977139,85.307625,16.082,15.746,15.669,1999-10-19
7.995840,85.265488,16.598,16.470,15.733,1999-10-19
8.019763,85.259987,14.545,14.115,13.991,1999-10-19
8.124125,85.277412,15.185,14.586,14.616,1999-10-19
8.110543,85.290855,15.372,14.738,14.657,1999-10-19
8.088373,85.310837,12.510,11.948,11.732,1999-10-19
8.223210,85.284660,14.269,13.936,13.948,1999-10-19
8.209185,85.290001,16.714,15.808,15.617,1999-10-19
8.309430,85.306816,16.513,15.849,15.287,1999-10-19
8.253931,85.301666,16.453,16.131,15.532,1999-10-19
8.297686,85.270988,15.224,14.762,14.709,1999-10-19
8.335826,85.308945,16.744,15.660,15.690,1999-10-19
8.417028,85.256561,16.564,15.991,15.123,1999-10-19
8.417556,85.253006,14.294,13.861,13.803,1999-10-19
8.421291,85.285316,15.711,15.171,15.300,1999-10-19
8.434006,85.293251,16.528,15.840,15.777,1999-10-19
8.513777,85.251938,15.692,15.042,14.830,1999-10-19
8.560432,85.291855,16.646,15.486,16.459,1999-10-19
8.542352,85.285515,16.699,16.198,15.640,1999-10-19
8.537824,85.294624,15.870,15.236,15.003,1999-10-19
8.597234,85.282097,16.628,16.827,15.579,1999-10-19
8.579796,85.278015,16.083,15.466,15.293,1999-10-19
8.596679,85.272926,16.394,15.812,15.755,1999-10-19
8.595925,85.271439,16.419,15.981,15.795,1999-10-19
8.604510,85.283577,16.521,15.631,16.098,1999-10-19
8.665232,85.270515,15.774,15.469,15.187,1999-10-19
8.639417,85.271156,15.115,14.662,14.640,1999-10-19
8.677880,85.258942,16.127,15.697,15.330,1999-10-19
8.741676,85.278404,15.521,15.269,15.253,1999-10-19
8.746987,85.311867,14.292,13.994,13.730,1999-10-19
8.788534,85.288033,10.403,9.837,9.702,1999-10-19
8.778723,85.289742,14.189,15.652,13.662,1999-10-19
8.771111,85.294075,16.234,15.508,15.254,1999-10-19
8.874726,85.303619,16.565,15.656,15.414,1999-10-19
8.858056,85.284828,15.736,15.201,14.764,1999-10-19
8.927798,85.265266,15.200,14.685,14.304,1999-10-19
8.924255,85.269859,14.897,14.781,14.654,1999-10-19
8.974337,85.305717,16.157,15.753,15.170,1999-10-19
8.979976,85.271393,15.699,15.045,14.847,1999-10-19
8.966055,85.287682,12.819,12.295,12.224,1999-10-19
9.055772,85.277534,16.236,15.794,15.374,1999-10-19
9.034457,85.271477,12.559,12.009,11.898,1999-10-19
9.096109,85.312286,14.712,14.040,13.829,1999-10-19
9.102294,85.257828,15.516,15.053,14.845,1999-10-19
9.096178,85.250465,15.879,15.474,15.469,1999-10-19
9.078836,85.308617,14.783,14.581,14.421,1999-10-19
9.112787,85.310402,14.377,13.772,13.543,1999-10-19
9.236162,85.288963,13.595,13.175,13.092,1999-10-19
9.214338,85.256752,16.195,16.010,15.357,1999-10-19
9.189505,85.270638,14.401,14.129,14.125,1999-10-19
9.374385,85.255806,12.870,12.186,12.027,1999-10-19
9.364472,85.301659,14.616,13.942,13.771,1999-10-19
9.353374,85.280655,16.594,16.080,15.900,1999-10-19
9.386314,85.285530,15.661,15.197,14.907,1999-10-19
9.378794,85.281464,16.447,15.876,15.268,1999-10-19
9.500934,85.267807,16.350,15.662,15.358,1999-10-19
9.545390,85.279716,16.140,15.537,15.699,1999-10-19
9.516062,85.257118,16.667,16.155,15.866,1999-10-19
9.557395,85.289841,16.303,15.986,15.393,1999-10-19
9.614466,85.306938,15.150,14.861,14.630,1999-10-19
9.664724,85.293983,15.335,14.951,14.925,1999-10-19
9.647801,85.273384,16.275,15.799,15.576,1999-10-19
9.705144,85.267693,15.437,14.970,14.869,1999-10-19
9.726345,85.292778,16.452,15.620,15.543,1999-10-19
9.774969,85.310966,14.849,14.454,14.561,1999-10-19
9.853304,85.295799,14.879,14.241,14.062,1999-10-19
9.867737,85.305153,13.173,12.667,12.579,1999-10-19
9.915307,85.268707,15.650,15.293,14.951,1999-10-19
9.925629,85.306381,16.247,15.451,15.390,1999-10-19
9.950712,85.297073,14.909,14.508,14.643,1999-10-19
9.962108,85.274033,14.606,14.297,14.211,1999-10-19
9.952495,85.300339,16.080,15.310,15.440,1999-10-19
9.940634,85.308548,15.275,14.819,15.087,1999-10-19
9.979570,85.259010,16.264,16.148,15.754,1999-10-19
9.982416,85.266937,15.738,15.476,15.345,1999-10-19
6.115381,85.323135,16.019,15.772,15.215,1999-10-19
6.090455,85.325249,13.593,13.150,13.065,1999-10-19
6.159000,85.325653,15.230,14.607,14.674,1999-10-19
6.182891,85.354477,15.101,14.672,14.478,1999-10-19
6.264050,85.334373,12.228,11.819,11.776,1999-10-19
6.305641,85.359177,16.970,15.717,15.618,1999-10-19
6.436181,85.345428,17.106,15.712,15.878,1999-10-19
6.476812,85.354294,16.899,16.254,15.560,1999-10-19
6.446022,85.351082,14.009,13.366,13.218,1999-10-19
6.544701,85.329971,16.537,16.108,15.427,1999-10-19
6.508091,85.360489,15.302,14.642,14.514,1999-10-19
6.511018,85.374664,17.047,16.261,15.599,1999-10-19
6.563080,85.363045,15.671,14.974,14.795,1999-10-19
6.702349,85.340691,16.272,15.404,15.553,1999-10-19
6.726252,85.317390,16.397,15.615,15.016,1999-10-19
6.795370,85.314827,16.128,15.660,15.349,1999-10-19
6.788079,85.333359,15.125,14.425,14.148,1999-10-19
6.802877,85.371765,16.092,15.493,15.157,1999-10-19
6.767042,85.334869,16.285,15.871,17.132,1999-10-19
6.857965,85.323853,12.430,12.079,12.051,1999-10-19
6.872672,85.318871,16.361,15.879,15.547,1999-10-19
6.928327,85.369675,16.319,16.158,16.617,1999-10-19
6.950797,85.335732,15.408,15.103,14.798,1999-10-19
7.060988,85.318512,16.509,15.909,15.662,1999-10-19
7.035063,85.369164,12.009,11.663,11.611,1999-10-19
7.002144,85.351311,14.826,14.329,14.320,1999-10-19
7.001008,85.352425,16.279,14.548,15.346,1999-10-19
7.045327,85.339241,16.368,15.720,15.521,1999-10-19
7.113082,85.370331,15.235,14.825,14.733,1999-10-19
7.101770,85.325294,15.385,14.847,14.987,1999-10-19
7.222194,85.324966,14.556,14.315,14.140,1999-10-19
7.202614,85.369484,15.040,14.779,14.645,1999-10-19
7.279766,85.373810,13.315,12.975,12.923,1999-10-19
7.298497,85.343735,16.818,15.899,15.220,1999-10-19
7.373527,85.320793,14.569,14.122,13.764,1999-10-19
7.373192,85.328651,10.649,10.058,9.970,1999-10-19
7.387343,85.372894,14.860,14.608,14.403,1999-10-19
7.397441,85.344681,15.694,15.082,15.251,1999-10-19
7.766379,85.347931,16.385,15.697,15.525,1999-10-19
7.807859,85.333496,14.893,14.865,14.690,1999-10-19
7.846922,85.340393,16.282,16.081,15.855,1999-10-19
7.827183,85.370461,16.505,16.118,15.955,1999-10-19
7.934830,85.356613,14.248,13.931,13.838,1999-10-19
7.895055,85.353477,15.935,15.222,14.981,1999-10-19
8.038989,85.323799,12.312,11.867,11.728,1999-10-19
8.073979,85.332779,12.221,11.915,11.815,1999-10-19
8.120027,85.369682,15.225,14.691,14.645,1999-10-19
8.112852,85.315392,15.844,15.407,15.142,1999-10-19
8.172885,85.355789,14.838,14.187,13.987,1999-10-19
8.222762,85.362274,16.446,16.751,16.068,1999-10-19
8.245099,85.332466,15.221,14.633,14.712,1999-10-19
8.273710,85.337784,15.240,14.626,14.367,1999-10-19
8.292566,85.352287,13.353,12.791,12.527,1999-10-19
8.294864,85.373924,14.187,13.821,13.822,1999-10-19
8.323811,85.341629,15.909,15.618,15.633,1999-10-19
8.365023,85.341812,16.513,16.475,15.688,1999-10-19
8.543616,85.357536,17.197,16.050,15.101,1999-10-19
8.530992,85.359825,17.112,16.279,15.280,1999-10-19
8.599485,85.315826,16.268,16.124,15.983,1999-10-19
8.571111,85.355064,14.205,13.682,13.650,1999-10-19
8.682493,85.373726,10.498,10.213,10.168,1999-10-19
8.660718,85.317436,15.643,14.805,14.614,1999-10-19
8.737792,85.349785,16.238,15.968,15.389,1999-10-19
8.814602,85.338005,16.102,15.597,15.671,1999-10-19
8.933400,85.371147,15.922,15.686,15.336,1999-10-19
8.891890,85.317963,13.848,13.349,13.324,1999-10-19
8.875215,85.323502,16.466,15.829,15.894,1999-10-19
8.889542,85.353508,13.939,13.675,13.687,1999-10-19
8.991755,85.337982,16.679,16.572,15.484,1999-10-19
9.017178,85.341621,14.394,14.063,14.063,1999-10-19
9.035370,85.329384,16.519,15.938,15.628,1999-10-19
9.052749,85.320717,16.599,16.165,15.339,1999-10-19
9.091852,85.333954,15.438,15.200,15.161,1999-10-19
9.076978,85.348007,15.666,15.271,15.316,1999-10-19
9.118947,85.328087,14.180,13.959,13.849,1999-10-19
9.102472,85.357948,14.374,14.041,14.099,1999-10-19
9.104732,85.314339,13.882,13.609,13.544,1999-10-19
9.224466,85.344070,13.586,13.342,13.224,1999-10-19
9.195614,85.317703,15.859,15.149,15.079,1999-10-19
9.308854,85.352478,14.557,14.195,14.100,1999-10-19
9.344004,85.331932,16.496,15.840,15.387,1999-10-19
9.424119,85.371994,12.966,12.590,12.510,1999-10-19
9.393598,85.322426,15.336,15.250,14.820,1999-10-19
9.509559,85.366814,16.002,15.346,15.479,1999-10-19
9.593548,85.320564,16.370,15.846,15.680,1999-10-19
9.621114,85.338097,16.522,15.926,17.019,1999-10-19
9.598907,85.374077,14.211,13.534,13.394,1999-10-19
9.640646,85.335258,13.694,13.390,13.278,1999-10-19
9.668806,85.336220,16.616,14.956,15.245,1999-10-19
9.680915,85.359276,16.003,15.609,15.527,1999-10-19
9.711522,85.321632,15.964,15.567,15.378,1999-10-19
9.712117,85.345421,16.055,15.985,15.689,1999-10-19
9.724025,85.319305,15.750,15.165,15.156,1999-10-19
9.736606,85.365005,16.810,15.962,15.657,1999-10-19
9.808890,85.313393,15.818,14.887,14.987,1999-10-19
9.798053,85.370941,15.991,15.381,15.072,1999-10-19
9.821052,85.338760,16.229,16.051,15.264,1999-10-19
9.839997,85.369293,14.050,13.589,13.572,1999-10-19
9.916180,85.350639,16.385,16.190,15.276,1999-10-19
9.916386,85.367981,15.171,14.833,14.724,1999-10-19
9.931846,85.363823,16.509,16.247,15.662,1999-10-19
9.879538,85.328209,16.483,15.794,15.577,1999-10-19
9.897747,85.372231,15.699,15.242,15.268,1999-10-19
9.900474,85.327873,16.589,16.294,17.066,1999-10-19
9.911975,85.321198,14.575,14.153,14.036,1999-10-19
9.966408,85.343437,11.578,11.259,11.225,1999-10-19
6.305837,85.388603,14.285,13.602,13.458,1999-10-19
6.296292,85.411713,14.448,13.993,13.910,1999-10-19
6.320465,85.421509,14.176,13.528,13.473,1999-10-19
6.332461,85.427078,14.389,14.029,14.114,1999-10-19
6.341458,85.387772,15.628,15.478,15.124,1999-10-19
6.429546,85.423515,15.462,14.931,15.241,1999-10-19
6.446720,85.399734,16.596,15.544,15.413,1999-10-19
6.507460,85.418182,13.465,12.929,12.738,1999-10-19
6.581524,85.414726,16.644,16.071,15.442,1999-10-19
6.577030,85.386635,16.503,15.709,16.617,1999-10-19
6.573136,85.381577,13.782,13.218,13.080,1999-10-19
6.744033,85.408897,14.832,14.125,14.056,1999-10-19
6.776766,85.417854,16.397,15.932,15.822,1999-10-19
6.824805,85.388954,14.263,14.090,13.991,1999-10-19
6.862970,85.437164,16.529,16.003,15.271,1999-10-19
6.849424,85.425667,14.601,14.032,13.694,1999-10-19
6.890243,85.404320,14.709,14.043,13.862,1999-10-19
6.881640,85.375183,15.158,14.849,14.719,1999-10-19
7.024277,85.393036,16.619,15.863,15.656,1999-10-19
7.097898,85.401573,16.732,15.641,15.618,1999-10-19
7.148039,85.381546,12.957,12.532,12.374,1999-10-19
7.176721,85.414963,15.636,15.060,14.858,1999-10-19
7.192978,85.395821,15.139,14.831,14.863,1999-10-19
7.203006,85.397705,15.565,15.129,15.224,1999-10-19
7.226952,85.421783,11.865,11.417,11.321,1999-10-19
7.193405,85.388428,13.540,13.155,13.120,1999-10-19
7.297771,85.376999,16.171,15.884,15.208,1999-10-19
7.272031,85.376381,16.698,15.753,15.403,1999-10-19
7.324519,85.407829,16.254,15.453,15.586,1999-10-19
7.350278,85.421005,15.933,15.598,15.853,1999-10-19
7.355319,85.406929,14.047,13.772,13.698,1999-10-19
7.429567,85.378494,15.292,14.505,14.008,1999-10-19
7.425732,85.424454,14.648,14.246,14.108,1999-10-19
7.541684,85.427055,15.579,15.016,15.207,1999-10-19
7.509076,85.427238,16.779,16.142,15.459,1999-10-19
7.516934,85.397003,14.524,13.936,13.682,1999-10-19
7.624242,85.431831,15.874,15.369,15.267,1999-10-19
7.623224,85.379120,13.174,12.876,12.795,1999-10-19
7.728047,85.405502,14.018,13.389,13.257,1999-10-19
7.688967,85.428139,15.258,14.900,14.802,1999-10-19
7.758108,85.416634,16.144,16.001,15.510,1999-10-19
7.832448,85.412643,13.684,13.000,12.833,1999-10-19
7.834789,85.425529,9.796,9.217,9.108,1999-10-19
7.972034,85.427429,16.836,15.817,15.583,1999-10-19
7.979823,85.395981,15.585,14.929,14.441,1999-10-19
7.987027,85.436668,14.868,14.533,14.454,1999-10-19
8.017754,85.382462,9.667,8.751,8.554,1999-10-19
8.094326,85.435265,11.362,11.021,10.997,1999-10-19
8.171259,85.388138,15.913,15.276,15.136,1999-10-19
8.205357,85.403214,14.174,13.675,13.484,1999-10-19
8.304646,85.399261,16.823,16.092,15.792,1999-10-19
8.250324,85.415749,16.000,15.297,14.119,1999-10-19
8.334770,85.392509,16.267,15.447,14.821,1999-10-19
8.342655,85.434288,14.395,13.957,13.781,1999-10-19
8.430007,85.383820,13.271,13.002,12.996,1999-10-19
8.376708,85.414963,13.380,13.088,13.012,1999-10-19
8.379523,85.433151,13.303,12.731,12.617,1999-10-19
8.402650,85.419960,16.954,16.220,15.627,1999-10-19
8.433136,85.406647,16.338,15.962,15.654,1999-10-19
8.547927,85.436440,11.183,10.645,10.559,1999-10-19
8.552678,85.391670,15.090,14.777,14.699,1999-10-19
8.554521,85.382980,13.543,13.276,13.188,1999-10-19
8.566191,85.406509,12.570,11.912,11.731,1999-10-19
8.747945,85.395737,16.411,15.372,15.163,1999-10-19
8.748650,85.413597,11.591,11.335,11.249,1999-10-19
8.851975,85.413582,16.799,16.198,15.099,1999-10-19
8.834643,85.413559,16.131,15.529,15.493,1999-10-19
9.018119,85.411263,15.662,15.488,15.205,1999-10-19
9.031946,85.420280,9.745,9.037,8.848,1999-10-19
9.073205,85.390602,16.098,15.850,15.630,1999-10-19
9.109144,85.409775,16.090,15.457,15.319,1999-10-19
9.156547,85.415733,16.627,15.851,15.700,1999-10-19
9.194532,85.409378,15.817,15.358,15.054,1999-10-19
9.191689,85.399841,15.621,15.093,14.897,1999-10-19
9.291189,85.401016,15.977,15.566,15.549,1999-10-19
9.287808,85.405998,15.299,14.895,14.758,1999-10-19
9.309249,85.426010,13.870,13.248,12.960,1999-10-19
9.346058,85.402435,16.101,15.391,15.459,1999-10-19
9.374658,85.392807,13.549,13.200,13.101,1999-10-19
9.324762,85.383232,15.539,15.014,14.823,1999-10-19
9.377439,85.412323,15.487,15.390,14.914,1999-10-19
9.422375,85.414276,16.537,16.046,16.312,1999-10-19
9.389147,85.431648,15.928,15.124,14.947,1999-10-19
9.425084,85.432190,14.976,14.324,14.063,1999-10-19
9.496655,85.437157,16.566,15.883,16.190,1999-10-19
9.550336,85.381996,15.231,14.902,14.725,1999-10-19
9.519260,85.406746,15.845,15.125,14.839,1999-10-19
9.550744,85.375298,15.574,15.036,15.157,1999-10-19
9.517952,85.416542,15.764,15.404,15.123,1999-10-19
9.604466,85.397423,14.495,14.127,14.020,1999-10-19
9.576092,85.377472,15.077,14.337,14.243,1999-10-19
9.588357,85.381134,15.711,15.183,15.214,1999-10-19
9.678785,85.385857,16.103,15.807,15.098,1999-10-19
9.664885,85.380028,14.293,14.018,13.904,1999-10-19
9.661008,85.395920,11.833,11.585,11.459,1999-10-19
9.746629,85.401382,13.801,13.377,13.177,1999-10-19
9.798816,85.435226,15.127,14.587,14.274,1999-10-19
9.792525,85.433418,14.093,13.453,13.275,1999-10-19
9.933270,85.431015,15.742,15.369,15.298,1999-10-19
9.884201,85.417992,14.155,13.570,13.473,1999-10-19
9.998403,85.380608,14.184,13.867,13.749,1999-10-19
6.525864,85.463226,15.963,15.461,14.962,1999-10-19
6.717017,85.462212,14.656,13.955,13.674,1999-10-19
6.704557,85.455292,14.664,14.232,14.173,1999-10-19
6.712844,85.499702,12.546,12.226,12.161,1999-10-19
6.790332,85.491776,13.835,13.421,13.384,1999-10-19
6.800458,85.474953,16.377,15.763,16.027,1999-10-19
6.815429,85.493996,15.219,14.616,14.540,1999-10-19
6.907969,85.466805,15.703,15.449,14.959,1999-10-19
7.055709,85.456940,14.215,13.812,13.594,1999-10-19
7.059019,85.449669,16.541,15.925,15.571,1999-10-19
7.063344,85.474091,14.533,14.241,14.315,1999-10-19
7.069356,85.464203,15.515,14.968,14.514,1999-10-19
7.081551,85.469002,13.144,12.667,12.524,1999-10-19
7.066191,85.493927,14.045,13.653,13.532,1999-10-19
7.102214,85.497162,16.399,15.492,15.516,1999-10-19
7.177662,85.479622,16.023,15.953,15.829,1999-10-19
7.154996,85.442230,14.241,13.560,13.338,1999-10-19
7.128317,85.492073,16.105,15.733,15.495,1999-10-19
7.126760,85.459595,16.512,15.788,15.505,1999-10-19
7.348126,85.437637,14.537,13.950,13.837,1999-10-19
7.437436,85.454300,15.793,15.156,15.188,1999-10-19
7.447388,85.490982,15.243,14.843,14.920,1999-10-19
7.536252,85.439972,14.322,13.944,13.810,1999-10-19
7.507228,85.467346,16.265,15.230,15.492,1999-10-19
7.589252,85.492363,11.938,11.422,11.298,1999-10-19
7.634483,85.470894,16.328,15.945,15.407,1999-10-19
7.742806,85.463425,15.786,15.026,14.878,1999-10-19
7.720193,85.450478,14.537,14.105,14.025,1999-10-19
7.805525,85.454819,15.879,15.203,15.275,1999-10-19
7.809252,85.456985,14.900,14.560,14.418,1999-10-19
7.813741,85.480850,12.853,12.173,12.095,1999-10-19
7.937944,85.489326,16.623,15.986,15.717,1999-10-19
7.941315,85.455269,13.811,13.549,13.448,1999-10-19
8.034374,85.440491,14.463,14.030,13.860,1999-10-19
8.070423,85.467606,15.173,14.450,14.392,1999-10-19
8.162523,85.480408,16.888,15.878,15.658,1999-10-19
8.226445,85.450142,16.447,15.524,15.392,1999-10-19
8.190879,85.478935,16.361,16.541,16.603,1999-10-19
8.280798,85.499199,16.445,15.619,15.466,1999-10-19
8.299972,85.479271,16.915,16.040,15.964,1999-10-19
8.257828,85.454979,16.706,15.708,16.136,1999-10-19
8.419194,85.453743,14.118,13.823,13.703,1999-10-19
8.453711,85.489525,13.720,13.344,13.218,1999-10-19
8.450662,85.445854,15.514,14.984,14.846,1999-10-19
8.460953,85.485214,16.432,16.287,16.454,1999-10-19
8.470531,85.437668,17.108,15.850,15.724,1999-10-19
8.441102,85.442642,16.665,16.012,15.829,1999-10-19
8.580330,85.445137,16.106,15.336,15.467,1999-10-19
8.573051,85.438538,12.415,12.160,12.097,1999-10-19
8.670282,85.473297,16.282,15.689,15.355,1999-10-19
8.671449,85.484856,15.123,15.004,14.657,1999-10-19
8.654782,85.458702,16.050,15.453,15.217,1999-10-19
8.641151,85.455780,13.648,13.005,12.864,1999-10-19
8.709690,85.485107,16.159,15.605,15.287,1999-10-19
8.689226,85.479866,16.849,15.861,15.260,1999-10-19
8.805107,85.468185,15.924,15.598,15.273,1999-10-19
8.752446,85.497566,16.565,16.387,15.224,1999-10-19
8.877293,85.468384,17.029,16.361,15.663,1999-10-19
8.898170,85.450783,15.184,14.580,14.494,1999-10-19
8.898680,85.439445,16.796,16.372,15.485,1999-10-19
8.952595,85.487350,16.134,15.396,15.224,1999-10-19
9.074277,85.497658,15.732,15.138,14.827,1999-10-19
9.117110,85.456078,15.410,14.610,14.451,1999-10-19
9.113187,85.438797,12.998,12.779,12.732,1999-10-19
9.103428,85.482460,12.219,11.981,11.920,1999-10-19
9.142361,85.484612,11.481,11.186,11.107,1999-10-19
9.149659,85.450951,16.043,15.770,15.465,1999-10-19
9.165218,85.447517,16.523,15.677,15.205,1999-10-19
9.271044,85.468330,16.389,15.697,15.216,1999-10-19
9.254837,85.444832,15.734,15.332,15.273,1999-10-19
9.355537,85.458138,16.969,16.123,15.402,1999-10-19
9.473239,85.443199,16.745,15.879,15.874,1999-10-19
9.521742,85.471161,16.506,15.970,15.228,1999-10-19
9.578997,85.496223,15.975,15.338,15.280,1999-10-19
9.607199,85.473686,16.389,15.827,15.730,1999-10-19
9.669478,85.438148,16.557,15.825,15.966,1999-10-19
9.650105,85.467812,15.317,15.098,15.307,1999-10-19
9.790156,85.493958,16.301,15.402,15.085,1999-10-19
9.753671,85.470963,11.627,11.052,10.902,1999-10-19
9.793222,85.442253,15.646,14.989,14.758,1999-10-19
9.853116,85.476257,14.581,14.232,14.106,1999-10-19
9.860819,85.490250,15.696,15.079,14.814,1999-10-19
9.920775,85.475891,15.292,15.180,14.964,1999-10-19
9.989385,85.478172,15.128,14.635,14.520,1999-10-19
9.987942,85.454826,16.444,15.901,15.794,1999-10-19
6.777035,85.513489,15.648,15.272,14.885,1999-10-19
6.871569,85.526993,14.979,14.536,14.573,1999-10-19
6.856902,85.523369,15.384,14.867,14.722,1999-10-19
6.925313,85.535370,14.519,13.864,13.659,1999-10-19
6.964861,85.538040,16.634,16.616,16.082,1999-10-19
7.165505,85.524216,14.501,14.255,14.284,1999-10-19
7.165480,85.510490,12.221,11.708,11.589,1999-10-19
7.150941,85.506126,16.009,14.853,15.623,1999-10-19
7.246817,85.510406,16.032,15.531,15.509,1999-10-19
7.361941,85.519920,14.014,13.422,13.174,1999-10-19
7.431856,85.552299,16.293,15.650,15.264,1999-10-19
7.412535,85.536346,15.507,14.732,14.502,1999-10-19
7.381814,85.539101,15.160,14.428,14.244,1999-10-19
7.548792,85.559288,14.589,14.141,14.045,1999-10-19
7.507566,85.511108,13.672,13.106,12.861,1999-10-19
7.503109,85.504906,16.884,16.232,15.633,1999-10-19
7.594283,85.544754,15.928,15.398,15.259,1999-10-19
7.676449,85.521111,16.295,15.910,15.560,1999-10-19
7.748761,85.509331,16.010,15.337,14.974,1999-10-19
7.705905,85.507370,16.089,15.315,15.474,1999-10-19
7.739515,85.520706,14.562,14.202,14.123,1999-10-19
7.866598,85.517220,16.449,15.436,15.817,1999-10-19
7.921965,85.547546,14.135,13.796,13.704,1999-10-19
7.967716,85.527153,14.664,13.911,13.889,1999-10-19
8.046519,85.529808,16.867,15.753,15.457,1999-10-19
8.047257,85.505714,15.791,15.519,15.472,1999-10-19
8.028101,85.514565,16.691,16.042,15.368,1999-10-19
8.114665,85.537430,15.584,14.897,14.666,1999-10-19
8.074048,85.554291,16.350,15.918,16.853,1999-10-19
8.184197,85.552109,14.180,13.817,13.892,1999-10-19
8.274586,85.527946,15.346,15.005,14.659,1999-10-19
8.310504,85.518517,15.958,15.502,15.354,1999-10-19
8.265303,85.547493,14.029,13.595,13.493,1999-10-19
8.261673,85.535133,16.237,15.740,15.523,1999-10-19
8.316979,85.528000,16.128,15.837,15.431,1999-10-19
8.444801,85.508621,16.840,15.857,15.554,1999-10-19
8.447970,85.543320,15.584,14.727,14.763,1999-10-19
8.458313,85.512756,14.472,14.074,14.133,1999-10-19
8.458340,85.544609,16.162,15.934,15.683,1999-10-19
8.463196,85.542419,15.206,14.993,14.768,1999-10-19
8.547876,85.557449,14.405,13.870,13.807,1999-10-19
8.557976,85.533363,13.439,12.765,12.596,1999-10-19
8.578390,85.561005,16.350,16.117,15.313,1999-10-19
8.563361,85.524902,15.990,15.222,15.476,1999-10-19
8.573935,85.510796,13.895,13.238,13.021,1999-10-19
8.653655,85.551689,11.955,11.505,11.393,1999-10-19
8.660820,85.554466,14.947,14.281,14.116,1999-10-19
8.724253,85.545326,11.777,11.421,11.333,1999-10-19
8.700204,85.540932,12.860,12.585,12.509,1999-10-19
8.776957,85.520325,16.659,16.550,15.186,1999-10-19
8.771406,85.560005,15.858,15.385,14.950,1999-10-19
8.759525,85.521790,12.420,11.927,11.860,1999-10-19
8.811972,85.510757,14.455,13.819,13.468,1999-10-19
8.754096,85.545265,16.313,15.965,15.446,1999-10-19
8.768197,85.513161,16.701,16.284,15.710,1999-10-19
8.845513,85.506279,15.987,15.174,15.221,1999-10-19
8.900902,85.511299,16.618,15.584,16.396,1999-10-19
8.895864,85.503754,16.392,15.806,15.920,1999-10-19
8.920920,85.545197,15.570,15.082,15.024,1999-10-19
8.990542,85.561668,13.324,12.664,12.436,1999-10-19
9.028995,85.553711,13.294,12.715,12.501,1999-10-19
9.031378,85.560646,14.658,14.062,13.812,1999-10-19
9.048613,85.536026,16.222,16.010,15.511,1999-10-19
9.114328,85.549232,13.513,12.878,12.714,1999-10-19
9.109057,85.545052,14.427,14.120,14.016,1999-10-19
9.239439,85.515030,15.440,15.145,14.797,1999-10-19
9.206312,85.508270,14.101,13.495,13.435,1999-10-19
9.309588,85.531425,15.971,15.667,15.582,1999-10-19
9.351524,85.503708,13.302,12.652,12.461,1999-10-19
9.319551,85.560745,15.818,15.204,14.966,1999-10-19
9.402575,85.511391,12.686,12.273,12.224,1999-10-19
9.495951,85.534370,16.865,16.167,15.390,1999-10-19
9.438704,85.506371,16.906,16.025,15.390,1999-10-19
9.527930,85.533485,14.966,14.574,14.328,1999-10-19
9.545120,85.556259,13.707,13.002,12.853,1999-10-19
9.561009,85.517441,16.275,15.756,15.517,1999-10-19
9.550921,85.513550,16.948,16.261,15.671,1999-10-19
9.541697,85.530571,15.515,15.021,14.668,1999-10-19
9.598941,85.526375,15.932,15.306,15.390,1999-10-19
9.603571,85.544930,14.511,14.184,14.056,1999-10-19
9.683336,85.508064,11.068,10.478,10.347,1999-10-19
9.692921,85.534462,14.845,14.138,13.934,1999-10-19
9.743681,85.559921,14.401,14.102,14.009,1999-10-19
9.772936,85.546783,13.980,13.618,13.598,1999-10-19
9.810965,85.512589,14.142,13.765,13.690,1999-10-19
9.796047,85.524582,10.953,10.324,10.087,1999-10-19
9.847526,85.527611,16.265,15.830,16.212,1999-10-19
9.859283,85.532425,15.710,15.420,15.439,1999-10-19
9.915710,85.528587,13.584,12.910,12.679,1999-10-19
7.375621,85.573730,14.319,13.768,13.542,1999-10-19
7.486582,85.573616,14.784,14.431,14.322,1999-10-19
7.588605,85.587547,15.777,15.231,14.865,1999-10-19
7.584009,85.568413,16.689,16.040,15.915,1999-10-19
7.573646,85.585587,16.416,16.031,15.295,1999-10-19
7.643835,85.603691,16.237,15.401,14.796,1999-10-19
7.668338,85.592430,16.581,15.973,17.166,1999-10-19
7.625106,85.578285,15.678,15.237,15.181,1999-10-19
7.742928,85.604767,15.904,15.267,15.279,1999-10-19
7.755033,85.572601,14.715,14.455,14.421,1999-10-19
7.964757,85.598305,16.647,16.251,15.621,1999-10-19
8.214684,85.583298,15.583,15.012,15.023,1999-10-19
8.235624,85.609032,14.847,14.406,14.292,1999-10-19
8.310665,85.624840,16.599,15.776,15.496,1999-10-19
8.259159,85.609322,15.031,14.823,14.656,1999-10-19
8.341188,85.574356,16.400,16.060,15.601,1999-10-19
8.430584,85.597031,14.186,13.819,13.789,1999-10-19
8.558145,85.597641,16.722,15.983,15.377,1999-10-19
8.541889,85.600739,14.521,13.951,13.738,1999-10-19
8.581518,85.616791,16.254,15.975,15.465,1999-10-19
8.649767,85.618057,11.727,11.515,11.517,1999-10-19
8.684256,85.564308,16.002,16.314,15.439,1999-10-19
8.640837,85.596825,15.582,14.854,14.667,1999-10-19
8.630895,85.562706,10.931,10.512,10.376,1999-10-19
8.780511,85.606522,16.207,15.606,15.129,1999-10-19
8.817959,85.611740,15.305,14.971,15.007,1999-10-19
8.876816,85.564133,13.841,13.569,13.447,1999-10-19
8.991829,85.612808,14.940,14.555,14.669,1999-10-19
9.032223,85.570992,10.727,10.374,10.255,1999-10-19
9.046067,85.583839,14.267,13.592,13.443,1999-10-19
9.054941,85.578819,16.158,16.006,15.582,1999-10-19
9.064814,85.620995,14.889,14.445,14.590,1999-10-19
9.107344,85.577438,16.307,15.762,15.746,1999-10-19
9.094017,85.598465,15.826,15.661,15.535,1999-10-19
9.191291,85.593140,13.872,13.534,13.456,1999-10-19
9.294169,85.569908,15.465,14.927,14.747,1999-10-19
9.297314,85.571823,15.758,15.215,15.242,1999-10-19
9.262529,85.593376,17.167,16.358,15.556,1999-10-19
9.336821,85.617561,14.429,14.053,13.974,1999-10-19
9.403691,85.612976,16.361,15.784,15.467,1999-10-19
9.397241,85.619942,16.722,16.076,15.723,1999-10-19
9.446477,85.604111,13.057,12.672,12.593,1999-10-19
9.445871,85.616699,13.882,13.336,13.217,1999-10-19
9.519725,85.586807,15.862,15.186,15.090,1999-10-19
9.531668,85.599899,13.411,13.066,13.037,1999-10-19
9.603529,85.577637,14.783,14.084,13.884,1999-10-19
9.623595,85.610878,12.750,12.217,12.150,1999-10-19
9.626970,85.576218,14.447,13.873,13.618,1999-10-19
9.667465,85.618874,14.045,13.667,13.581,1999-10-19
9.662019,85.576775,16.692,16.107,15.844,1999-10-19
9.680994,85.570862,16.319,15.812,15.342,1999-10-19
9.634330,85.597847,15.474,14.954,14.733,1999-10-19
9.741172,85.602516,16.410,15.498,15.191,1999-10-19
9.744434,85.603630,16.274,16.057,14.963,1999-10-19
9.706884,85.590034,16.536,15.826,15.674,1999-10-19
9.796831,85.604370,14.987,14.591,14.493,1999-10-19
9.773679,85.610794,17.145,15.976,15.516,1999-10-19
9.795733,85.562843,16.348,15.624,15.782,1999-10-19
9.818376,85.609001,11.427,10.930,10.832,1999-10-19
9.837310,85.606956,14.299,13.710,13.494,1999-10-19
9.893090,85.600838,15.128,14.918,14.712,1999-10-19
9.908533,85.620590,16.114,15.596,15.727,1999-10-19
9.934254,85.610657,15.741,14.935,14.819,1999-10-19
9.894975,85.615135,12.945,12.542,12.423,1999-10-19
9.944055,85.594894,14.624,14.015,13.987,1999-10-19
9.942725,85.578918,16.744,16.783,15.682,1999-10-19
8.294567,85.625977,15.356,14.836,14.520,1999-10-19
8.358403,85.659897,15.219,14.860,14.798,1999-10-19
8.466754,85.630646,12.938,12.306,12.049,1999-10-19
8.528119,85.669235,14.938,14.596,14.498,1999-10-19
8.528849,85.670906,14.873,14.295,14.191,1999-10-19
8.641505,85.655380,13.710,13.378,13.377,1999-10-19
8.625131,85.642189,15.884,15.623,15.737,1999-10-19
8.760250,85.646263,11.638,11.388,11.326,1999-10-19
8.751626,85.679710,16.462,15.999,15.335,1999-10-19
8.769577,85.663498,14.836,14.471,14.485,1999-10-19
8.771430,85.637047,16.662,15.962,15.532,1999-10-19
8.853416,85.626686,16.234,15.636,15.513,1999-10-19
8.846854,85.638237,16.091,15.987,16.934,1999-10-19
8.918685,85.630325,14.880,14.479,14.420,1999-10-19
9.004803,85.630867,16.024,15.557,15.213,1999-10-19
9.006903,85.653519,14.612,14.118,14.004,1999-10-19
9.122550,85.663956,16.107,15.568,15.510,1999-10-19
9.121312,85.662163,16.125,15.653,15.574,1999-10-19
9.130035,85.650993,16.448,15.675,15.310,1999-10-19
9.186920,85.658875,13.983,13.643,13.602,1999-10-19
9.154656,85.632462,15.700,15.172,15.331,1999-10-19
9.236494,85.668289,16.781,15.993,15.786,1999-10-19
9.242916,85.644417,13.215,12.801,12.729,1999-10-19
9.269118,85.631981,14.898,14.269,14.077,1999-10-19
9.307698,85.637108,16.550,16.340,15.802,1999-10-19
9.330022,85.671272,16.683,16.232,15.611,1999-10-19
9.453594,85.681755,15.487,15.229,14.956,1999-10-19
9.437682,85.640381,13.937,13.525,13.468,1999-10-19
9.439897,85.662437,16.104,16.054,15.534,1999-10-19
9.521511,85.651245,16.282,16.091,15.756,1999-10-19
9.607588,85.660057,15.256,15.263,14.974,1999-10-19
9.584899,85.661476,16.690,15.981,15.657,1999-10-19
9.707982,85.651611,16.276,15.283,14.858,1999-10-19
9.728492,85.626358,14.449,13.964,13.972,1999-10-19
9.768835,85.625053,15.147,14.634,14.435,1999-10-19
9.859948,85.679031,14.772,14.527,14.469,1999-10-19
9.813178,85.687241,14.217,13.593,13.483,1999-10-19
9.888067,85.681862,15.045,14.640,14.350,1999-10-19
9.273535,85.692070,11.025,11.089,11.050,1999-10-19
9.578688,85.692551,16.713,15.915,15.098,1999-10-19
9.610299,85.709671,16.339,15.976,15.676,1999-10-19
9.621124,85.718895,12.198,11.657,11.541,1999-10-19
9.741233,85.697998,14.035,13.537,13.513,1999-10-19
9.694708,85.687782,15.722,15.382,15.449,1999-10-19
9.788985,85.707886,16.654,16.383,17.026,1999-10-19
9.818041,85.712196,15.932,15.510,14.887,1999-10-19
9.881611,85.724297,15.558,15.185,15.111,1999-10-19
9.996602,85.730179,16.553,15.986,16.259,1999-10-19
9.937513,85.699425,15.462,14.811,14.413,1999-10-19
9.968191,85.691895,16.204,15.435,15.580,1999-10-19
10.121895,84.810188,16.645,16.113,16.209,1999-10-19
10.273041,84.807297,9.964,9.671,9.618,1999-10-19
10.300019,84.807304,16.660,14.941,15.513,1999-10-19
10.531048,84.802841,16.674,16.104,15.601,1999-10-19
10.685788,84.791084,15.849,15.154,14.891,1999-10-19
10.660906,84.788078,14.868,14.599,14.433,1999-10-19
10.683088,84.787209,15.631,15.036,14.834,1999-10-19
10.811592,84.801498,14.691,14.021,13.882,1999-10-19
10.807809,84.788338,16.038,15.538,15.106,1999-10-19
10.847004,84.805122,11.872,11.519,11.398,1999-10-19
10.891434,84.772659,15.556,15.017,15.057,1999-10-19
10.921015,84.772865,15.096,14.326,13.956,1999-10-19
10.945313,84.787041,16.841,15.765,15.406,1999-10-19
11.117023,84.779991,14.951,14.447,14.363,1999-10-19
11.215992,84.770493,11.353,10.851,10.707,1999-10-19
11.265385,84.770607,14.412,13.971,13.896,1999-10-19
11.339785,84.788597,16.245,15.480,15.226,1999-10-19
11.354551,84.812439,14.832,14.446,14.151,1999-10-19
11.322085,84.778473,15.494,15.117,14.818,1999-10-19
11.437622,84.801697,16.533,15.888,15.354,1999-10-19
11.580240,84.793106,16.383,15.752,15.179,1999-10-19
11.624478,84.773880,15.526,15.300,15.178,1999-10-19
11.679610,84.800629,12.647,12.176,12.059,1999-10-19
11.661383,84.782272,16.586,15.892,15.645,1999-10-19
11.629030,84.778580,16.118,15.448,15.261,1999-10-19
11.717721,84.798096,14.538,14.069,14.073,1999-10-19
11.691134,84.785683,16.354,15.957,16.631,1999-10-19
11.693146,84.800903,12.922,12.658,12.490,1999-10-19
11.786369,84.800827,16.018,15.318,15.681,1999-10-19
11.830051,84.799179,16.218,16.176,15.391,1999-10-19
11.925907,84.771240,14.352,13.815,13.649,1999-10-19
11.899213,84.787743,13.475,12.932,12.629,1999-10-19
11.885279,84.802254,12.474,12.135,12.032,1999-10-19
11.942602,84.806931,13.283,12.669,12.391,1999-10-19
11.940943,84.784882,16.441,15.846,15.160,1999-10-19
11.974246,84.767502,12.847,12.753,12.708,1999-10-19
12.105509,84.781242,16.159,15.629,15.331,1999-10-19
12.064704,84.809860,15.914,15.318,15.094,1999-10-19
12.135268,84.762482,16.341,15.973,15.548,1999-10-19
12.125497,84.792038,13.622,12.999,12.862,1999-10-19
12.217732,84.786896,14.330,13.674,13.570,1999-10-19
12.232053,84.763985,14.167,13.885,13.778,1999-10-19
12.286801,84.780304,15.530,15.049,14.752,1999-10-19
12.337718,84.764832,15.171,14.823,14.762,1999-10-19
12.372295,84.781708,16.335,15.716,15.287,1999-10-19
12.326863,84.807487,15.041,14.550,14.419,1999-10-19
12.386779,84.778687,14.869,14.486,14.257,1999-10-19
12.403876,84.777267,14.824,14.279,14.288,1999-10-19
12.409982,84.795929,15.049,14.768,14.519,1999-10-19
12.411227,84.778717,15.513,15.089,15.089,1999-10-19
12.549343,84.781548,16.501,15.770,15.692,1999-10-19
12.524460,84.805946,17.277,16.086,15.508,1999-10-19
12.596355,84.801384,15.426,15.111,15.104,1999-10-19
12.705054,84.786476,15.922,15.458,14.781,1999-10-19
12.788620,84.803391,15.823,15.138,14.707,1999-10-19
12.773169,84.780273,15.150,14.507,14.323,1999-10-19
12.869213,84.775475,16.193,15.708,15.365,1999-10-19
13.056594,84.772865,15.170,14.824,14.651,1999-10-19
13.110131,84.791710,16.417,16.032,14.772,1999-10-19
13.150689,84.782852,14.505,14.157,14.082,1999-10-19
13.295620,84.785324,16.780,16.140,15.527,1999-10-19
13.265123,84.775658,15.540,15.237,15.107,1999-10-19
13.367830,84.810051,16.905,15.953,15.887,1999-10-19
13.336331,84.807022,16.023,15.817,15.444,1999-10-19
13.357034,84.784081,16.674,15.978,15.582,1999-10-19
13.337876,84.786331,12.909,12.645,12.590,1999-10-19
13.399166,84.774055,16.476,16.172,15.392,1999-10-19
13.426750,84.806808,14.697,14.053,13.760,1999-10-19
13.466734,84.793007,15.970,15.257,15.204,1999-10-19
13.500931,84.808327,16.768,16.186,15.326,1999-10-19
13.680314,84.780296,15.604,15.079,15.001,1999-10-19
13.788515,84.808426,16.670,16.264,16.567,1999-10-19
13.986755,84.804283,16.717,15.743,15.722,1999-10-19
14.122864,84.795731,14.723,14.297,14.168,1999-10-19
14.152495,84.792786,16.515,15.756,15.594,1999-10-19
14.244357,84.805969,16.037,15.551,15.616,1999-10-19
14.227952,84.800888,17.108,16.672,16.058,1999-10-19
14.272080,84.798607,12.822,12.492,12.411,1999-10-19
14.259776,84.802200,14.630,14.328,14.295,1999-10-19
14.348428,84.801163,13.970,13.443,13.192,1999-10-19
14.361911,84.808655,16.804,16.275,17.124,1999-10-19
14.436464,84.806648,15.556,15.086,15.307,1999-10-19
10.019038,84.826736,13.920,13.284,13.140,1999-10-19
10.080801,84.864517,14.483,13.972,13.802,1999-10-19
10.134033,84.858788,14.078,13.535,13.527,1999-10-19
10.180866,84.831841,15.472,15.239,14.814,1999-10-19
10.178205,84.856323,14.654,14.357,14.348,1999-10-19
10.295909,84.817734,13.284,12.658,12.591,1999-10-19
10.267482,84.855560,16.735,15.773,15.486,1999-10-19
10.306585,84.842995,16.509,16.432,15.975,1999-10-19
10.279292,84.818504,15.562,15.164,15.182,1999-10-19
10.362780,84.826546,16.836,15.863,15.320,1999-10-19
10.375280,84.864555,16.598,15.861,15.263,1999-10-19
10.432622,84.825485,14.947,14.488,14.343,1999-10-19
10.462272,84.846970,11.920,11.462,11.399,1999-10-19
10.492764,84.871437,15.006,14.694,14.533,1999-10-19
10.454864,84.862717,15.928,15.236,15.048,1999-10-19
10.468960,84.854111,15.019,14.657,14.634,1999-10-19
10.511733,84.829704,15.675,15.113,15.082,1999-10-19
10.574108,84.848686,14.198,13.562,13.336,1999-10-19
10.654225,84.865211,15.862,15.453,14.973,1999-10-19
10.680317,84.820786,14.994,14.377,14.355,1999-10-19
10.630498,84.834930,15.301,14.481,14.303,1999-10-19
10.656952,84.839287,11.511,11.231,11.203,1999-10-19
10.725353,84.861244,16.618,15.935,15.649,1999-10-19
10.727062,84.814384,13.928,13.550,13.473,1999-10-19
10.744091,84.812859,16.364,15.855,15.600,1999-10-19
10.753856,84.848442,15.038,14.449,14.289,1999-10-19
10.830697,84.862892,13.374,12.922,12.890,1999-10-19
10.905574,84.819023,15.368,15.141,14.964,1999-10-19
10.924232,84.835571,15.505,14.887,14.693,1999-10-19
10.946542,84.869675,16.091,15.542,15.459,1999-10-19
10.980418,84.858727,12.876,12.245,12.135,1999-10-19
10.996333,84.833870,14.063,13.608,13.537,1999-10-19
10.986207,84.856476,15.278,14.909,14.755,1999-10-19
11.048272,84.871140,15.746,15.024,14.846,1999-10-19
11.072151,84.872383,16.023,15.383,14.984,1999-10-19
11.112190,84.857635,15.698,15.076,14.652,1999-10-19
11.099381,84.827713,16.085,15.641,15.214,1999-10-19
11.132356,84.859726,14.398,14.124,13.963,1999-10-19
11.195276,84.819862,14.018,13.626,13.479,1999-10-19
11.203536,84.844765,16.717,15.595,15.582,1999-10-19
11.218247,84.870331,15.445,14.620,14.270,1999-10-19
11.264088,84.844398,13.318,12.874,12.770,1999-10-19
11.311299,84.832649,12.961,12.496,12.421,1999-10-19
11.343721,84.872139,15.593,15.200,14.886,1999-10-19
11.360413,84.849510,16.391,15.693,15.436,1999-10-19
11.365343,84.816643,16.332,16.079,15.732,1999-10-19
11.451203,84.852554,12.318,11.953,11.881,1999-10-19
11.468791,84.858131,15.332,14.950,14.859,1999-10-19
11.475035,84.874985,15.640,15.227,15.271,1999-10-19
11.437529,84.833130,15.423,14.718,14.660,1999-10-19
11.541422,84.837654,14.473,14.134,13.940,1999-10-19
11.527303,84.866653,16.213,15.660,15.666,1999-10-19
11.610072,84.858070,16.178,15.478,15.260,1999-10-19
11.623959,84.813583,16.543,16.817,16.134,1999-10-19
11.567629,84.855553,14.801,14.265,14.197,1999-10-19
11.634684,84.831696,12.203,11.872,11.763,1999-10-19
11.693163,84.872627,16.985,15.846,15.532,1999-10-19
11.792604,84.866325,15.517,14.654,15.086,1999-10-19
11.796591,84.867020,16.152,15.236,14.896,1999-10-19
11.781940,84.846901,10.689,10.489,10.449,1999-10-19
11.783691,84.814728,15.545,15.001,14.822,1999-10-19
11.786230,84.867821,15.752,15.172,15.084,1999-10-19
11.863718,84.818092,16.053,15.343,15.105,1999-10-19
11.862730,84.861450,16.002,15.442,15.674,1999-10-19
11.812735,84.817619,15.579,15.302,15.282,1999-10-19
11.847645,84.817314,13.910,13.497,13.365,1999-10-19
11.831651,84.815804,16.544,16.169,15.612,1999-10-19
11.816636,84.826637,13.644,13.259,13.269,1999-10-19
11.877797,84.862122,15.993,15.463,15.405,1999-10-19
11.899346,84.863846,14.951,14.458,14.241,1999-10-19
12.046666,84.854286,14.046,13.807,13.679,1999-10-19
12.032646,84.865273,16.438,16.015,15.493,1999-10-19
12.092927,84.842468,16.341,15.436,15.122,1999-10-19
12.205576,84.836571,16.521,15.759,15.426,1999-10-19
12.255404,84.817101,15.730,15.438,15.213,1999-10-19
12.390182,84.872322,15.799,15.194,14.965,1999-10-19
12.396244,84.846359,16.066,15.248,15.157,1999-10-19
12.444243,84.871750,16.223,15.886,15.436,1999-10-19
12.542533,84.839493,15.983,15.701,15.304,1999-10-19
12.548769,84.866302,16.558,15.520,15.394,1999-10-19
12.748444,84.838425,14.864,14.265,13.972,1999-10-19
12.708934,84.817902,13.182,12.858,12.764,1999-10-19
12.776975,84.825485,15.807,15.164,14.878,1999-10-19
12.838842,84.843170,16.012,15.102,15.012,1999-10-19
12.849913,84.828110,15.568,14.993,14.903,1999-10-19
12.854788,84.856354,15.195,14.457,14.168,1999-10-19
12.887603,84.822388,12.431,12.199,12.140,1999-10-19
12.928994,84.826813,16.871,15.799,15.663,1999-10-19
12.975675,84.851128,15.898,15.471,15.190,1999-10-19
13.009718,84.815750,15.400,14.927,14.564,1999-10-19
13.025259,84.848709,14.297,13.633,13.447,1999-10-19
13.123814,84.830116,16.216,15.330,15.597,1999-10-19
13.145028,84.844002,15.227,14.984,14.824,1999-10-19
13.186807,84.862411,14.819,14.617,14.442,1999-10-19
13.188272,84.854950,17.185,16.070,15.868,1999-10-19
13.258723,84.865479,13.769,13.151,12.928,1999-10-19
13.270602,84.871284,12.731,12.294,12.135,1999-10-19
13.252952,84.863625,14.942,14.736,14.333,1999-10-19
13.283776,84.843010,11.488,10.586,10.431,1999-10-19
13.301724,84.853920,16.481,15.721,15.721,1999-10-19
13.370759,84.813057,16.681,16.114,17.063,1999-10-19
13.367506,84.865486,15.327,14.669,14.371,1999-10-19
13.491256,84.812630,16.639,15.768,15.344,1999-10-19
13.457679,84.820145,14.630,14.381,14.355,1999-10-19
13.502386,84.824501,16.000,15.541,15.157,1999-10-19
13.535422,84.818878,15.636,15.198,15.010,1999-10-19
13.624543,84.848473,12.444,12.267,12.205,1999-10-19
13.653732,84.847244,13.853,13.389,13.294,1999-10-19
13.656861,84.871605,15.707,15.114,14.823,1999-10-19
13.651783,84.823601,16.874,15.758,15.614,1999-10-19
13.635381,84.822472,15.607,15.360,15.142,1999-10-19
13.789745,84.869476,16.088,15.665,15.804,1999-10-19
13.814781,84.840912,16.530,16.107,15.768,1999-10-19
13.871372,84.838791,16.703,16.042,15.599,1999-10-19
13.932410,84.846237,15.980,15.497,15.390,1999-10-19
13.928344,84.823395,13.331,13.068,13.043,1999-10-19
13.911319,84.825813,16.854,16.269,15.855,1999-10-19
13.981307,84.826294,14.266,13.646,13.462,1999-10-19
14.034945,84.857323,16.652,15.707,16.660,1999-10-19
14.057577,84.838631,11.550,11.264,11.206,1999-10-19
14.041985,84.840218,12.292,11.958,11.873,1999-10-19
14.080643,84.829575,15.894,15.214,15.321,1999-10-19
14.162432,84.857559,16.051,15.536,15.586,1999-10-19
14.132731,84.838722,16.962,15.994,15.731,1999-10-19
14.191907,84.870636,16.612,16.042,15.659,1999-10-19
14.223262,84.849403,17.020,15.933,15.698,1999-10-19
14.284292,84.868774,14.610,14.219,14.116,1999-10-19
14.277533,84.828110,14.995,14.743,14.679,1999-10-19
14.260418,84.871262,16.430,16.162,15.666,1999-10-19
14.305941,84.856789,15.483,14.740,14.465,1999-10-19
14.403462,84.851166,16.201,15.797,15.854,1999-10-19
14.463674,84.813560,15.373,15.112,14.959,1999-10-19
14.469272,84.828300,16.070,15.661,15.409,1999-10-19
14.459693,84.830589,16.107,15.568,15.696,1999-10-19
14.501987,84.863129,17.020,15.866,15.671,1999-10-19
14.506773,84.831245,16.764,16.216,15.862,1999-10-19
14.538389,84.820229,13.629,13.022,12.904,1999-10-19
14.589979,84.816376,16.654,15.577,15.698,1999-10-19
14.575494,84.832291,15.902,15.762,15.228,1999-10-19
14.674243,84.849991,16.563,16.016,15.794,1999-10-19
14.629285,84.829170,13.320,13.037,13.005,1999-10-19
14.631452,84.848877,16.475,15.921,15.615,1999-10-19
14.654701,84.820480,13.622,12.911,12.723,1999-10-19
14.720111,84.870430,14.970,14.464,14.366,1999-10-19
14.824601,84.860718,11.300,10.774,10.667,1999-10-19
14.838974,84.867996,14.120,13.888,13.714,1999-10-19
14.852789,84.841728,15.942,15.206,14.904,1999-10-19
14.884345,84.861191,13.678,13.348,13.328,1999-10-19
14.906137,84.839279,13.238,12.839,12.793,1999-10-19
14.943324,84.851494,17.816,16.628,15.307,1999-10-19
14.954644,84.864174,16.436,15.757,15.755,1999-10-19
14.962098,84.844238,8.335,7.759,7.602,1999-10-19
10.025111,84.910599,16.026,15.220,15.223,1999-10-19
10.010445,84.935577,14.282,14.002,13.851,1999-10-19
10.002053,84.905571,16.040,15.776,15.005,1999-10-19
10.069907,84.917496,13.895,13.273,13.059,1999-10-19
10.106762,84.914703,15.338,14.793,14.553,1999-10-19
10.114851,84.909683,13.479,13.113,13.065,1999-10-19
10.084019,84.896278,16.663,15.954,15.486,1999-10-19
10.177193,84.930107,13.493,13.049,12.950,1999-10-19
10.144655,84.917557,15.871,15.402,15.155,1999-10-19
10.226931,84.876427,16.714,16.345,15.318,1999-10-19
10.210126,84.896454,15.913,15.420,15.106,1999-10-19
10.266483,84.924377,15.008,14.817,14.750,1999-10-19
10.369295,84.904305,15.827,15.275,14.996,1999-10-19
10.348891,84.930054,13.508,13.096,12.964,1999-10-19
10.361635,84.918091,16.687,15.727,15.268,1999-10-19
10.428288,84.936478,16.697,16.015,15.668,1999-10-19
10.411896,84.902367,14.152,13.690,13.633,1999-10-19
10.458913,84.877563,14.947,14.515,14.130,1999-10-19
10.466022,84.886688,16.674,16.139,15.514,1999-10-19
10.521216,84.885391,15.524,15.054,14.750,1999-10-19
10.549780,84.906670,11.002,10.745,10.650,1999-10-19
10.601440,84.916000,15.602,15.054,15.282,1999-10-19
10.636220,84.907166,15.204,14.533,14.602,1999-10-19
10.727667,84.916779,13.350,13.040,12.987,1999-10-19
10.747077,84.893036,14.477,14.005,13.857,1999-10-19
10.693642,84.909729,16.378,15.586,15.196,1999-10-19
10.704625,84.913559,14.156,13.677,13.567,1999-10-19
10.778505,84.880341,16.264,15.669,15.473,1999-10-19
10.817376,84.902611,16.039,15.343,15.325,1999-10-19
10.854214,84.920715,16.078,15.563,15.831,1999-10-19
10.936841,84.883514,16.726,15.420,14.863,1999-10-19
10.887181,84.883041,14.414,13.768,13.523,1999-10-19
10.934872,84.914299,13.141,12.539,12.329,1999-10-19
10.992099,84.907066,13.873,13.273,13.124,1999-10-19
10.941144,84.925575,17.106,15.812,15.329,1999-10-19
11.042416,84.903603,15.202,14.468,14.328,1999-10-19
11.177088,84.885834,16.079,15.512,15.093,1999-10-19
11.163923,84.921158,14.079,13.398,13.276,1999-10-19
11.163480,84.915527,14.897,14.339,14.190,1999-10-19
11.171155,84.922974,16.586,16.008,15.958,1999-10-19
11.149064,84.894112,16.344,16.067,15.645,1999-10-19
11.202581,84.904175,15.340,14.960,14.801,1999-10-19
11.195518,84.875908,16.647,16.082,15.597,1999-10-19
11.294311,84.917358,14.697,14.158,13.870,1999-10-19
11.288607,84.933632,14.282,13.906,13.923,1999-10-19
11.270505,84.915695,15.728,15.517,15.445,1999-10-19
11.322323,84.918060,16.375,15.807,15.056,1999-10-19
11.484478,84.890678,15.429,15.068,14.866,1999-10-19
11.498829,84.892151,16.493,16.089,15.164,1999-10-19
11.451734,84.879807,15.245,14.470,14.019,1999-10-19
11.616874,84.882668,16.513,16.346,15.794,1999-10-19
11.569498,84.932083,15.702,14.960,14.810,1999-10-19
11.594964,84.904160,15.061,14.542,14.505,1999-10-19
11.563280,84.936813,16.473,16.844,16.248,1999-10-19
11.670598,84.905800,15.003,14.434,14.169,1999-10-19
11.664156,84.929558,14.884,14.496,14.598,1999-10-19
11.680075,84.879822,16.209,15.550,15.484,1999-10-19
11.638487,84.933823,16.304,15.655,15.693,1999-10-19
11.700795,84.934029,13.709,13.209,13.113,1999-10-19
11.801439,84.906654,16.896,16.318,15.520,1999-10-19
11.774080,84.902847,16.411,15.891,15.660,1999-10-19
11.799651,84.900490,13.365,13.008,12.973,1999-10-19
11.830633,84.888123,14.484,13.969,13.870,1999-10-19
11.910237,84.904823,14.395,13.733,13.484,1999-10-19
11.878192,84.913338,11.882,11.508,11.454,1999-10-19
12.062068,84.883965,16.326,15.811,15.653,1999-10-19
12.083386,84.879181,16.739,15.547,15.177,1999-10-19
12.118333,84.875824,15.860,15.257,14.964,1999-10-19
12.143848,84.891487,15.773,15.277,14.716,1999-10-19
12.222590,84.907822,16.886,15.763,14.959,1999-10-19
12.266058,84.903778,15.445,14.947,14.495,1999-10-19
12.262924,84.886719,14.676,14.340,14.259,1999-10-19
12.264317,84.907211,15.456,15.016,14.989,1999-10-19
12.342933,84.882668,15.031,14.731,14.582,1999-10-19
12.329301,84.906479,15.206,14.832,14.527,1999-10-19
12.431417,84.907578,12.867,12.260,12.098,1999-10-19
12.386609,84.932884,14.586,13.912,13.891,1999-10-19
12.435218,84.928101,13.702,13.161,13.090,1999-10-19
12.393159,84.894753,16.249,15.304,15.217,1999-10-19
12.508893,84.912140,16.469,15.943,16.870,1999-10-19
12.530648,84.885506,14.176,13.901,13.776,1999-10-19
12.669456,84.897209,12.441,11.930,11.873,1999-10-19
12.644849,84.878677,16.271,15.758,15.541,1999-10-19
12.718561,84.898399,16.441,15.844,15.516,1999-10-19
12.763472,84.936264,16.452,15.563,15.590,1999-10-19
12.834286,84.931778,16.635,15.927,15.492,1999-10-19
12.903989,84.911781,16.730,16.182,15.876,1999-10-19
12.915027,84.903915,16.380,15.922,15.732,1999-10-19
12.934340,84.891685,15.572,15.215,15.563,1999-10-19
12.935167,84.877357,16.619,16.275,15.814,1999-10-19
13.000959,84.883469,13.358,13.083,12.991,1999-10-19
13.269652,84.916832,14.409,14.180,14.045,1999-10-19
13.255675,84.892548,13.952,13.579,13.545,1999-10-19
13.312701,84.919708,16.148,15.839,15.554,1999-10-19
13.364387,84.911400,14.496,13.847,13.604,1999-10-19
13.376270,84.914101,13.304,12.962,12.872,1999-10-19
13.404066,84.920227,14.578,14.386,14.239,1999-10-19
13.497338,84.906914,16.095,15.588,15.822,1999-10-19
13.481326,84.887894,16.532,15.791,15.472,1999-10-19
13.521367,84.882698,16.707,16.162,15.857,1999-10-19
13.570695,84.928123,13.501,12.982,12.907,1999-10-19
13.621300,84.918709,15.530,14.776,14.757,1999-10-19
13.595316,84.927742,12.304,11.761,11.638,1999-10-19
13.604008,84.931351,13.266,12.980,12.862,1999-10-19
13.672412,84.910927,15.420,14.930,14.681,1999-10-19
13.653854,84.909721,16.625,16.000,15.695,1999-10-19
13.943740,84.911888,12.098,11.539,11.404,1999-10-19
14.023825,84.926750,16.670,16.204,15.392,1999-10-19
14.073615,84.875732,13.672,13.250,13.267,1999-10-19
14.117448,84.892220,14.914,14.328,13.997,1999-10-19
14.157186,84.896812,16.314,15.539,15.557,1999-10-19
14.131666,84.926659,14.102,13.696,13.615,1999-10-19
14.225626,84.901428,16.629,15.882,16.137,1999-10-19
14.218000,84.930786,16.236,15.571,15.247,1999-10-19
14.209118,84.907440,16.508,15.744,15.530,1999-10-19
14.207791,84.899506,13.899,13.427,13.411,1999-10-19
14.257299,84.922401,16.607,17.202,17.129,1999-10-19
14.355924,84.876152,15.230,14.620,14.690,1999-10-19
14.358010,84.935661,16.076,15.786,15.656,1999-10-19
14.382239,84.924423,15.139,14.372,14.161,1999-10-19
14.404981,84.881233,12.061,11.745,11.692,1999-10-19
14.535083,84.880020,16.440,15.896,15.687,1999-10-19
14.572006,84.886185,15.451,14.904,15.154,1999-10-19
14.613955,84.934608,16.815,16.028,15.590,1999-10-19
14.605202,84.891594,16.571,15.696,15.872,1999-10-19
14.642271,84.890518,17.168,16.075,15.659,1999-10-19
14.641018,84.880234,16.353,15.579,16.029,1999-10-19
14.673487,84.907089,13.889,13.511,13.412,1999-10-19
14.730466,84.906433,16.139,15.479,15.314,1999-10-19
14.809766,84.877876,13.810,13.272,13.126,1999-10-19
14.769551,84.895493,16.110,15.257,14.863,1999-10-19
14.837273,84.920792,14.298,13.840,13.724,1999-10-19
14.842604,84.876633,15.396,14.644,14.659,1999-10-19
14.939104,84.897415,17.612,16.993,15.278,1999-10-19
14.962828,84.875252,16.520,15.982,15.343,1999-10-19
14.975115,84.900444,16.499,16.091,15.809,1999-10-19
10.017534,84.941162,16.324,15.598,15.261,1999-10-19
10.030018,84.998207,12.541,12.320,12.248,1999-10-19
10.037997,84.981842,15.791,15.380,15.223,1999-10-19
10.051474,84.961990,14.685,14.420,14.328,1999-10-19
10.058169,84.994652,13.348,12.788,12.560,1999-10-19
10.102689,84.957832,15.696,15.145,15.006,1999-10-19
10.096504,84.999260,16.670,16.014,16.149,1999-10-19
10.110352,84.943581,16.311,15.730,15.543,1999-10-19
10.212007,84.947334,16.353,15.274,15.813,1999-10-19
10.246915,84.976685,16.675,16.317,16.026,1999-10-19
10.211083,84.984154,15.282,15.316,15.236,1999-10-19
10.251127,84.940262,15.070,14.424,14.285,1999-10-19
10.321699,84.993187,15.681,15.142,14.994,1999-10-19
10.352589,84.988609,14.819,14.174,13.948,1999-10-19
10.426184,84.987495,16.200,16.034,15.433,1999-10-19
10.402086,84.972511,15.441,15.063,14.838,1999-10-19
10.423444,84.969238,16.375,15.685,15.327,1999-10-19
10.432974,84.941994,16.298,15.951,15.270,1999-10-19
10.442313,84.955086,16.342,15.939,15.641,1999-10-19
10.496434,84.956757,14.329,13.987,13.871,1999-10-19
10.470666,84.957024,16.818,15.898,15.769,1999-10-19
10.463518,84.979630,15.616,15.180,15.095,1999-10-19
10.501688,84.986916,15.288,14.836,14.437,1999-10-19
10.600487,84.940254,12.252,11.717,11.589,1999-10-19
10.634474,84.972084,14.086,13.782,13.722,1999-10-19
10.646130,84.942963,16.409,15.799,15.764,1999-10-19
10.716917,84.967216,17.022,16.189,15.345,1999-10-19
10.803029,84.978905,16.736,16.097,15.608,1999-10-19
10.792252,84.993439,14.704,14.087,13.801,1999-10-19
10.867673,84.975830,13.245,12.864,12.773,1999-10-19
10.915731,84.976959,16.428,15.954,15.716,1999-10-19
10.899074,84.972481,14.471,13.965,13.648,1999-10-19
10.904090,84.980232,12.990,12.708,12.656,1999-10-19
10.912764,84.940033,16.856,15.796,15.490,1999-10-19
10.924566,84.983963,15.036,14.395,14.135,1999-10-19
10.974530,84.976486,13.293,13.022,12.883,1999-10-19
10.961912,84.978981,15.647,15.130,14.792,1999-10-19
11.051136,84.989304,16.290,15.810,15.549,1999-10-19
11.038206,84.981300,15.914,15.497,15.016,1999-10-19
11.077320,84.977600,14.559,14.271,14.192,1999-10-19
11.115893,84.994064,16.401,15.414,15.278,1999-10-19
11.156099,84.970215,16.627,16.176,16.432,1999-10-19
11.131995,84.967545,15.418,14.907,14.610,1999-10-19
11.270773,84.954590,16.256,15.954,15.579,1999-10-19
11.291021,84.991592,16.538,15.721,15.360,1999-10-19
11.407500,84.957520,15.656,15.226,15.036,1999-10-19
11.411998,84.955551,13.641,13.290,13.259,1999-10-19
11.425828,84.965538,16.254,15.429,15.118,1999-10-19
11.403876,84.991081,13.947,13.381,13.160,1999-10-19
11.389972,84.994965,16.619,15.573,15.320,1999-10-19
11.385491,84.971230,13.143,12.877,12.819,1999-10-19
11.437848,84.989861,15.152,14.682,14.555,1999-10-19
11.511134,84.966751,13.106,12.730,12.704,1999-10-19
11.558384,84.950531,15.046,14.485,14.229,1999-10-19
11.551482,84.977715,16.048,15.249,14.967,1999-10-19
11.568792,84.952881,15.791,15.483,15.508,1999-10-19
11.621400,84.945480,13.884,13.353,13.214,1999-10-19
11.673663,84.968552,14.867,14.516,14.399,1999-10-19
11.716457,84.991364,11.116,10.594,10.403,1999-10-19
11.696645,84.970917,16.679,15.975,15.653,1999-10-19
11.773676,84.956337,16.656,17.389,15.863,1999-10-19
11.823105,84.941719,12.975,12.472,12.373,1999-10-19
11.849212,84.996712,15.509,14.935,14.791,1999-10-19
11.874963,84.966927,16.705,15.826,16.363,1999-10-19
11.951466,84.949158,16.686,16.173,15.000,1999-10-19
11.966545,84.984108,16.377,15.916,15.570,1999-10-19
11.948270,84.947105,16.358,16.165,17.050,1999-10-19
11.994095,84.979790,11.146,10.798,10.723,1999-10-19
11.997115,84.941986,13.119,12.775,12.715,1999-10-19
12.051800,84.983376,15.870,15.305,15.163,1999-10-19
12.049805,84.972038,13.816,13.475,13.388,1999-10-19
12.073906,84.976784,16.388,15.358,15.470,1999-10-19
12.086507,84.975983,16.213,15.775,15.270,1999-10-19
12.160416,84.989616,16.522,15.644,15.133,1999-10-19
12.173455,84.991692,13.540,12.932,12.718,1999-10-19
12.237332,84.948128,16.037,15.229,15.346,1999-10-19
12.208594,84.971245,16.030,15.486,15.129,1999-10-19
12.225789,84.975426,14.356,14.174,14.164,1999-10-19
12.329943,84.982475,15.829,15.324,15.051,1999-10-19
12.312581,84.953255,16.622,16.194,15.669,1999-10-19
12.382355,84.960884,15.281,14.898,14.797,1999-10-19
12.431375,84.969688,14.955,14.675,14.742,1999-10-19
12.398555,84.964554,14.124,13.754,13.702,1999-10-19
12.469913,84.985939,16.261,15.604,15.085,1999-10-19
12.443575,84.944542,16.062,15.300,15.279,1999-10-19
12.469755,84.982552,14.481,14.207,14.008,1999-10-19
12.438133,84.990585,13.914,13.371,13.328,1999-10-19
12.437967,84.987183,14.887,14.487,14.449,1999-10-19
12.573785,84.990913,15.850,15.196,14.990,1999-10-19
12.658970,84.995224,16.178,15.732,15.524,1999-10-19
12.631838,84.994545,16.872,16.029,15.826,1999-10-19
12.647476,84.948174,12.963,12.403,12.314,1999-10-19
12.734884,84.973328,14.017,13.630,13.606,1999-10-19
12.732202,84.946472,16.518,16.119,15.621,1999-10-19
12.811714,84.956184,15.766,15.315,15.289,1999-10-19
12.770167,84.948563,16.726,15.956,15.434,1999-10-19
12.873499,84.997238,13.915,13.706,13.610,1999-10-19
12.862268,84.994789,13.414,12.939,12.838,1999-10-19
12.877829,84.974236,16.482,16.108,15.731,1999-10-19
12.937550,84.995361,16.650,15.938,15.583,1999-10-19
12.993180,84.948662,16.253,15.657,15.378,1999-10-19
13.014862,84.990952,13.520,13.183,13.203,1999-10-19
13.078752,84.939552,15.216,14.862,14.904,1999-10-19
13.079493,84.978073,15.280,14.379,14.422,1999-10-19
13.109270,84.994133,13.249,12.968,12.918,1999-10-19
13.135771,84.947746,16.693,16.152,15.203,1999-10-19
13.157907,84.990135,17.315,15.996,15.743,1999-10-19
13.237548,84.942070,16.680,16.169,17.110,1999-10-19
13.247055,84.937859,16.479,15.874,15.422,1999-10-19
13.188296,84.977638,16.494,15.897,16.122,1999-10-19
13.211040,84.974831,16.844,15.954,15.716,1999-10-19
13.221713,84.957863,14.271,13.806,13.878,1999-10-19
13.305365,84.983818,16.241,15.525,15.540,1999-10-19
13.311614,84.973694,16.018,15.709,15.617,1999-10-19
13.290819,84.985466,16.375,15.774,16.154,1999-10-19
13.252395,84.943253,16.527,15.922,17.106,1999-10-19
13.266701,84.978500,16.033,15.623,15.543,1999-10-19
13.334593,84.998116,15.100,14.751,14.662,1999-10-19
13.348227,84.991325,15.492,15.039,15.216,1999-10-19
13.392367,84.949051,15.689,15.473,15.167,1999-10-19
13.396897,84.941742,13.496,12.918,12.835,1999-10-19
13.381096,84.952248,16.929,15.868,15.658,1999-10-19
13.453817,84.937569,17.061,15.713,15.607,1999-10-19
13.446936,84.969131,16.275,15.994,15.693,1999-10-19
13.503534,84.938171,14.868,14.337,14.100,1999-10-19
13.583405,84.951378,16.713,16.062,16.322,1999-10-19
13.611175,84.946114,15.064,14.351,14.182,1999-10-19
13.623632,84.974892,13.588,13.364,13.319,1999-10-19
13.645425,84.965981,14.396,14.173,14.222,1999-10-19
13.658654,84.955559,14.964,14.622,14.498,1999-10-19
13.649962,84.977539,15.812,15.102,15.010,1999-10-19
13.678026,84.961769,15.202,14.646,14.334,1999-10-19
13.742442,84.941063,13.436,13.149,13.040,1999-10-19
13.737526,84.979897,15.964,15.534,15.159,1999-10-19
13.717989,84.966553,15.591,15.011,15.024,1999-10-19
13.799957,84.944420,14.001,13.786,13.728,1999-10-19
13.751483,84.988846,15.092,14.678,14.613,1999-10-19
13.790628,84.980339,14.889,14.121,14.020,1999-10-19
13.874099,84.962769,15.483,14.873,14.924,1999-10-19
13.878915,84.998993,16.381,15.773,17.163,1999-10-19
13.901133,84.978577,14.477,13.938,13.827,1999-10-19
13.935618,84.964073,15.706,15.331,15.209,1999-10-19
13.972762,84.974983,15.928,15.321,15.210,1999-10-19
13.967591,84.950935,15.999,15.653,15.221,1999-10-19
14.033069,84.992264,16.407,16.067,15.861,1999-10-19
14.093990,84.999519,11.427,11.122,11.059,1999-10-19
14.098739,84.959801,14.650,13.994,13.849,1999-10-19
14.136784,84.996681,14.874,14.331,14.266,1999-10-19
14.137579,84.977959,10.284,9.780,9.705,1999-10-19
14.153509,84.948242,15.341,15.043,14.980,1999-10-19
14.302913,84.993195,16.701,15.471,15.869,1999-10-19
14.300434,84.975899,15.090,14.587,14.706,1999-10-19
14.274195,84.988731,15.256,14.737,14.550,1999-10-19
14.421693,84.987244,17.106,16.118,15.607,1999-10-19
14.432191,84.975822,16.155,15.528,15.567,1999-10-19
14.478567,84.969971,16.739,16.145,15.558,1999-10-19
14.509405,84.947487,15.595,15.272,15.199,1999-10-19
14.568975,84.967766,16.897,16.052,16.157,1999-10-19
14.593720,84.968338,16.168,15.749,15.435,1999-10-19
14.568175,84.973808,13.702,13.335,13.194,1999-10-19
14.664722,84.988983,16.982,15.907,15.866,1999-10-19
14.712699,84.969437,13.972,13.557,13.548,1999-10-19
14.708209,84.963364,16.717,16.442,15.448,1999-10-19
14.807644,84.985649,15.441,14.757,14.539,1999-10-19
14.752561,84.946655,13.899,13.517,13.390,1999-10-19
14.770644,84.993820,14.038,13.686,13.607,1999-10-19
14.811278,84.983658,14.209,13.594,13.390,1999-10-19
14.800527,84.974426,11.607,11.058,10.947,1999-10-19
14.843051,84.988228,16.518,15.894,15.611,1999-10-19
14.992844,84.998947,16.335,15.651,15.486,1999-10-19
10.011967,85.047699,16.549,15.609,15.785,1999-10-19
10.043813,85.000923,16.549,16.083,15.578,1999-10-19
10.106131,85.012550,15.180,14.538,14.399,1999-10-19
10.090981,85.019325,16.655,15.641,15.661,1999-10-19
10.190902,85.049683,16.964,16.161,15.875,1999-10-19
10.191593,85.061462,15.971,15.347,15.337,1999-10-19
10.365143,85.001831,16.084,15.875,15.487,1999-10-19
10.346742,85.000320,14.424,14.098,14.219,1999-10-19
10.332527,85.024147,11.537,11.019,10.837,1999-10-19
10.328667,85.016479,16.717,15.688,15.379,1999-10-19
10.376376,85.043526,16.309,15.962,15.397,1999-10-19
10.389510,85.027542,14.291,13.692,13.496,1999-10-19
10.378271,85.036751,10.821,10.305,10.167,1999-10-19
10.468892,85.044899,14.895,14.503,14.514,1999-10-19
10.514550,85.019119,9.834,9.495,9.396,1999-10-19
10.533128,85.025841,15.325,14.637,14.586,1999-10-19
10.512618,85.045135,16.362,15.916,15.333,1999-10-19
10.585809,85.042511,12.649,12.318,12.258,1999-10-19
10.626689,85.056549,16.447,16.031,15.552,1999-10-19
10.665381,85.047012,15.646,15.353,15.152,1999-10-19
10.636732,85.058495,16.469,15.662,15.509,1999-10-19
10.636303,85.010262,16.599,15.921,15.554,1999-10-19
10.707640,85.024971,16.744,17.220,15.676,1999-10-19
10.701609,85.049934,15.399,14.902,14.949,1999-10-19
10.705267,85.028458,15.361,14.878,14.906,1999-10-19
10.702002,85.043274,15.067,14.544,14.315,1999-10-19
10.786185,85.045990,16.495,15.686,15.364,1999-10-19
10.862883,85.046593,16.618,15.705,15.654,1999-10-19
10.922580,85.024399,16.010,15.568,15.239,1999-10-19
10.914304,85.007980,14.885,14.389,14.202,1999-10-19
10.949133,85.043327,15.755,15.450,15.647,1999-10-19
10.948186,85.033051,14.436,13.928,13.813,1999-10-19
10.976153,85.052299,16.094,15.578,15.560,1999-10-19
11.056883,85.024483,16.048,15.421,15.405,1999-10-19
11.053829,85.040939,16.771,15.698,16.108,1999-10-19
11.032537,85.045959,14.641,14.152,14.127,1999-10-19
11.021456,85.023598,16.536,16.166,17.052,1999-10-19
11.097567,85.031990,16.700,15.949,15.669,1999-10-19
11.177076,85.020790,16.688,15.799,15.648,1999-10-19
11.127971,85.024826,16.225,15.486,15.791,1999-10-19
11.166975,85.046806,16.046,15.531,15.753,1999-10-19
11.164254,85.009583,16.741,16.721,15.838,1999-10-19
11.180545,85.023056,16.789,16.282,15.506,1999-10-19
11.196676,85.020485,14.190,13.611,13.506,1999-10-19
11.327902,85.009216,16.513,15.762,15.352,1999-10-19
11.329798,85.030289,15.723,15.390,14.899,1999-10-19
11.388484,85.031754,14.952,14.752,14.649,1999-10-19
11.418162,85.029793,16.248,16.350,15.916,1999-10-19
11.490929,85.031456,15.733,15.404,15.224,1999-10-19
11.448519,85.003090,12.489,11.989,11.887,1999-10-19
11.482099,85.019325,14.381,13.712,13.566,1999-10-19
11.559245,85.048920,16.775,15.883,15.520,1999-10-19
11.511685,85.058029,14.328,14.000,14.082,1999-10-19
11.616162,85.018303,16.531,15.830,16.032,1999-10-19
11.603431,85.032661,14.649,13.949,13.811,1999-10-19
11.583622,85.061363,16.020,15.239,14.976,1999-10-19
11.654319,85.047249,14.923,14.579,14.364,1999-10-19
11.639740,85.005974,16.801,16.132,15.723,1999-10-19
11.699874,85.056557,16.595,15.893,15.567,1999-10-19
11.699828,85.022209,16.571,16.030,15.216,1999-10-19
11.705386,85.061653,15.107,14.744,14.619,1999-10-19
11.726832,85.048302,12.748,12.248,12.105,1999-10-19
11.698756,85.014107,14.870,14.383,14.315,1999-10-19
11.772672,85.012421,14.108,13.864,13.802,1999-10-19
11.779971,85.038231,13.537,13.145,13.099,1999-10-19
11.786945,85.053040,14.477,14.100,14.056,1999-10-19
11.789785,85.057533,15.822,15.259,15.536,1999-10-19
11.840390,85.007889,15.638,15.264,15.250,1999-10-19
11.853144,85.050003,8.565,8.496,8.466,1999-10-19
11.900905,85.041878,16.594,16.198,15.762,1999-10-19
11.941364,85.019478,15.848,15.332,15.085,1999-10-19
12.014281,85.015732,16.644,15.857,15.779,1999-10-19
12.105146,85.021935,14.725,14.218,14.020,1999-10-19
12.071173,85.015068,16.611,15.832,16.755,1999-10-19
12.105596,85.034439,13.687,13.232,13.162,1999-10-19
12.137655,85.014786,16.726,15.948,15.638,1999-10-19
12.138015,85.047363,16.079,15.421,15.235,1999-10-19
12.246235,85.005196,13.962,13.231,13.047,1999-10-19
12.228351,85.026527,16.741,15.738,16.246,1999-10-19
12.190465,85.054245,16.042,15.507,15.841,1999-10-19
12.318617,85.029671,15.918,15.173,14.952,1999-10-19
12.355366,85.021774,16.407,16.272,15.906,1999-10-19
12.410872,85.019684,14.445,13.769,13.535,1999-10-19
12.397549,85.030907,14.182,13.546,13.336,1999-10-19
12.404432,85.055618,15.872,15.031,15.213,1999-10-19
12.381138,85.000450,11.884,11.327,11.234,1999-10-19
12.455463,85.057587,14.619,14.335,14.353,1999-10-19
12.553343,85.016884,15.133,14.703,14.730,1999-10-19
12.541980,85.059280,16.075,15.577,15.625,1999-10-19
12.539931,85.053879,15.777,14.960,14.770,1999-10-19
12.521573,85.031441,15.537,15.138,15.094,1999-10-19
12.500534,85.047806,16.744,16.848,16.091,1999-10-19
12.510088,85.007034,16.107,15.670,15.429,1999-10-19
12.598288,85.051186,16.740,15.883,15.432,1999-10-19
12.583198,85.041832,16.349,15.949,16.851,1999-10-19
12.642306,85.007950,12.750,12.210,13.366,1999-10-19
12.653987,85.007980,12.340,11.844,11.823,1999-10-19
12.695729,85.050362,14.042,13.537,13.428,1999-10-19
12.697771,85.011879,14.607,14.312,14.187,1999-10-19
12.738624,85.029510,15.412,14.910,14.634,1999-10-19
12.748839,85.062431,16.638,15.930,16.477,1999-10-19
12.869695,85.001259,16.270,15.774,15.816,1999-10-19
12.818177,85.014992,13.358,13.040,12.938,1999-10-19
13.077332,85.017975,13.876,13.183,13.090,1999-10-19
13.152584,85.005119,11.322,11.055,10.989,1999-10-19
13.132730,85.007492,15.849,15.285,14.744,1999-10-19
13.170593,85.058640,14.905,14.469,14.433,1999-10-19
13.230231,85.044609,16.193,15.782,15.698,1999-10-19
13.294910,85.038719,16.651,15.553,15.060,1999-10-19
13.360072,85.052490,15.854,15.232,14.937,1999-10-19
13.404083,85.040390,16.449,16.466,15.621,1999-10-19
13.419872,85.003677,16.783,17.101,15.621,1999-10-19
13.420285,85.023773,10.620,10.322,10.293,1999-10-19
13.488384,85.030296,14.247,13.851,13.818,1999-10-19
13.440579,85.049637,14.008,13.380,13.144,1999-10-19
13.449938,85.029465,15.002,14.568,14.438,1999-10-19
13.574476,85.048859,16.602,15.923,15.983,1999-10-19
13.605423,85.011711,16.651,16.154,17.081,1999-10-19
13.617173,85.003296,13.526,13.153,13.167,1999-10-19
13.613932,85.009834,16.056,15.113,15.169,1999-10-19
13.576371,85.044792,16.637,16.129,16.097,1999-10-19
13.641561,85.059219,15.758,15.498,15.162,1999-10-19
13.681492,85.020859,13.491,13.178,13.106,1999-10-19
13.668324,85.028526,13.051,12.451,12.324,1999-10-19
13.664106,85.041733,16.125,15.433,15.409,1999-10-19
13.639088,85.005127,14.717,14.277,14.197,1999-10-19
13.678417,85.040237,15.552,14.991,14.586,1999-10-19
13.680487,85.050690,14.011,13.563,13.483,1999-10-19
13.652682,85.020889,10.429,9.846,9.728,1999-10-19
13.634421,85.019981,15.518,14.942,14.748,1999-10-19
13.801751,85.006485,15.776,15.373,15.031,1999-10-19
13.797197,85.019730,15.024,14.355,14.092,1999-10-19
13.756670,85.027512,17.930,16.910,15.310,1999-10-19
13.828087,85.046753,14.525,14.127,14.050,1999-10-19
13.814468,85.041992,14.752,13.942,13.839,1999-10-19
13.922000,85.021576,14.597,14.096,14.041,1999-10-19
13.882812,85.010498,15.179,14.380,13.960,1999-10-19
13.889217,85.024384,16.436,16.086,15.474,1999-10-19
13.887501,85.013298,15.161,14.649,14.548,1999-10-19
13.974454,85.060310,14.921,14.460,14.324,1999-10-19
13.978246,85.031250,15.015,14.553,14.557,1999-10-19
14.058092,85.036858,16.557,16.132,15.732,1999-10-19
14.114391,85.012054,15.697,15.271,15.403,1999-10-19
14.165090,85.029411,15.660,15.343,14.982,1999-10-19
14.201916,85.051926,15.000,14.364,14.340,1999-10-19
14.300678,85.003922,15.508,14.770,14.575,1999-10-19
14.299983,85.047836,16.609,15.966,15.310,1999-10-19
14.250780,85.013115,15.375,15.034,15.018,1999-10-19
14.316441,85.000206,14.710,14.354,14.304,1999-10-19
14.336694,85.053558,16.511,15.793,16.665,1999-10-19
14.344690,85.059982,14.848,14.402,14.248,1999-10-19
14.314628,85.043060,14.639,14.265,14.117,1999-10-19
14.389057,85.058250,13.758,13.066,12.877,1999-10-19
14.379648,85.014015,15.421,14.628,14.748,1999-10-19
14.449803,85.041397,12.378,11.983,11.930,1999-10-19
14.549846,85.006378,17.567,16.222,15.581,1999-10-19
14.524832,85.050873,15.376,15.015,15.062,1999-10-19
14.503467,85.054871,15.576,15.123,14.903,1999-10-19
14.544422,85.038475,15.881,15.515,15.059,1999-10-19
14.590977,85.041969,16.335,15.921,17.170,1999-10-19
14.599014,85.053535,16.665,15.897,15.859,1999-10-19
14.596361,85.050621,16.227,16.060,15.585,1999-10-19
14.621898,85.023491,15.824,15.224,15.119,1999-10-19
14.625286,85.062119,14.934,14.559,14.555,1999-10-19
14.749127,85.010498,15.540,15.100,14.972,1999-10-19
14.867177,85.014427,12.450,11.849,11.795,1999-10-19
14.882160,85.026855,15.593,15.036,15.121,1999-10-19
14.892064,85.052345,11.737,11.437,11.398,1999-10-19
14.937484,85.024971,16.752,15.990,15.770,1999-10-19
14.942795,85.020149,16.099,15.943,15.480,1999-10-19
14.976541,85.004089,13.821,13.509,13.464,1999-10-19
10.050459,85.071602,13.948,13.623,13.566,1999-10-19
10.026699,85.077606,17.081,15.929,15.879,1999-10-19
10.085109,85.064072,14.055,13.704,13.592,1999-10-19
10.064827,85.063416,14.703,14.377,14.492,1999-10-19
10.157891,85.116730,13.352,12.877,12.763,1999-10-19
10.128512,85.078529,15.665,14.927,14.864,1999-10-19
10.191897,85.080933,16.385,15.699,15.288,1999-10-19
10.261802,85.064781,12.414,12.156,12.074,1999-10-19
10.275580,85.092888,16.604,16.439,15.636,1999-10-19
10.306182,85.063553,15.512,15.087,15.087,1999-10-19
10.333877,85.107262,13.859,13.232,12.996,1999-10-19
10.326382,85.080811,16.428,15.696,15.293,1999-10-19
10.343503,85.104706,15.178,14.899,14.778,1999-10-19
10.429268,85.107803,15.160,14.563,14.403,1999-10-19
10.455334,85.091660,12.273,11.958,11.880,1999-10-19
10.503040,85.071037,16.652,16.008,15.119,1999-10-19
10.589241,85.066895,16.310,15.789,15.347,1999-10-19
10.646092,85.084633,15.570,15.209,15.266,1999-10-19
10.687330,85.113007,15.132,15.021,14.875,1999-10-19
10.801130,85.103012,15.753,15.503,14.901,1999-10-19
10.795567,85.114906,16.854,16.244,16.134,1999-10-19
10.798695,85.071007,15.989,15.429,15.170,1999-10-19
10.780817,85.107635,16.079,15.422,15.427,1999-10-19
10.811137,85.090416,15.218,14.993,14.707,1999-10-19
10.814648,85.117409,13.871,13.162,13.025,1999-10-19
10.857077,85.117546,14.314,13.707,13.517,1999-10-19
10.862733,85.122421,15.074,14.385,14.182,1999-10-19
10.857891,85.081902,14.865,14.503,14.386,1999-10-19
10.940318,85.104240,15.762,15.371,13.020,1999-10-19
10.956048,85.079887,14.950,14.537,14.513,1999-10-19
10.941201,85.073540,15.231,14.736,14.778,1999-10-19
10.953391,85.109581,14.708,14.009,13.807,1999-10-19
11.025068,85.102219,9.619,9.407,9.343,1999-10-19
11.065492,85.104012,15.868,15.247,15.197,1999-10-19
11.139265,85.099464,16.670,16.084,15.516,1999-10-19
11.205944,85.108467,13.510,13.097,13.030,1999-10-19
11.290661,85.124733,13.012,12.482,12.415,1999-10-19
11.291054,85.066086,16.709,16.018,15.484,1999-10-19
11.312356,85.121948,16.068,15.377,15.131,1999-10-19
11.282339,85.095840,14.944,14.674,14.409,1999-10-19
11.316008,85.096062,13.739,13.390,13.376,1999-10-19
11.360570,85.083824,15.209,15.010,14.868,1999-10-19
11.389076,85.096809,13.971,13.682,13.611,1999-10-19
11.437074,85.071693,13.038,12.485,12.382,1999-10-19
11.499009,85.119087,14.739,14.539,14.298,1999-10-19
11.464613,85.108185,16.631,15.515,15.187,1999-10-19
11.505294,85.076340,16.226,15.464,15.575,1999-10-19
11.511558,85.124725,12.914,12.340,12.214,1999-10-19
11.600916,85.070229,16.424,15.718,15.323,1999-10-19
11.570262,85.112144,14.151,13.838,13.848,1999-10-19
11.584211,85.123917,15.159,14.825,14.715,1999-10-19
11.651749,85.118309,16.232,15.522,15.318,1999-10-19
11.665583,85.112892,16.100,15.993,15.618,1999-10-19
11.627929,85.072021,14.284,13.965,13.931,1999-10-19
11.695911,85.072502,16.690,16.534,15.462,1999-10-19
11.728173,85.119728,15.734,15.469,15.295,1999-10-19
11.729874,85.105782,16.144,15.407,15.746,1999-10-19
11.881600,85.091248,16.416,15.838,15.675,1999-10-19
11.931892,85.122498,12.733,12.157,12.081,1999-10-19
11.917490,85.119133,16.125,15.634,15.396,1999-10-19
11.990725,85.117111,16.674,15.797,15.882,1999-10-19
11.971495,85.067329,12.271,12.016,11.974,1999-10-19
12.053334,85.093948,15.720,15.266,14.738,1999-10-19
12.016427,85.079369,15.648,15.333,15.282,1999-10-19
12.030683,85.076630,12.449,12.134,12.008,1999-10-19
12.073500,85.095932,16.714,15.714,15.206,1999-10-19
12.175202,85.091728,14.389,14.145,13.970,1999-10-19
12.136914,85.074425,16.074,15.593,15.129,1999-10-19
12.178433,85.101501,14.460,14.108,14.071,1999-10-19
12.132580,85.071365,14.477,14.190,14.100,1999-10-19
12.204707,85.077820,14.613,14.395,14.160,1999-10-19
12.221567,85.063820,17.087,16.103,15.429,1999-10-19
12.226318,85.070854,13.745,13.379,13.316,1999-10-19
12.231573,85.106674,15.393,15.172,15.051,1999-10-19
12.231316,85.123482,16.271,15.810,15.818,1999-10-19
12.195449,85.110474,18.548,17.376,15.139,1999-10-19
12.310700,85.088615,15.136,14.620,14.559,1999-10-19
12.282988,85.117287,13.535,13.074,12.937,1999-10-19
12.270281,85.115974,13.384,13.037,12.984,1999-10-19
12.297301,85.119400,16.543,15.825,15.435,1999-10-19
12.342773,85.097343,15.010,14.578,14.711,1999-10-19
12.326200,85.118340,15.289,14.638,14.286,1999-10-19
12.401919,85.107254,15.242,14.868,14.769,1999-10-19
12.417908,85.079285,14.722,14.377,14.183,1999-10-19
12.381665,85.104721,13.586,12.952,12.731,1999-10-19
12.495303,85.072044,13.605,13.310,13.229,1999-10-19
12.480217,85.065315,14.852,14.191,14.209,1999-10-19
12.572161,85.106049,14.958,14.695,14.492,1999-10-19
12.562681,85.123192,15.239,14.840,14.732,1999-10-19
12.650764,85.108994,15.394,14.727,14.649,1999-10-19
12.664909,85.064514,15.558,15.342,15.323,1999-10-19
12.684487,85.117737,15.198,14.523,14.552,1999-10-19
12.701148,85.108406,16.520,15.741,15.346,1999-10-19
12.783391,85.114441,15.233,14.475,14.630,1999-10-19
12.811632,85.118034,15.022,14.668,14.539,1999-10-19
12.866740,85.111969,16.650,15.650,16.124,1999-10-19
12.870039,85.071060,15.893,15.112,15.152,1999-10-19
12.836586,85.081154,15.708,15.231,14.715,1999-10-19
12.834302,85.075111,14.128,13.736,13.676,1999-10-19
12.912176,85.094711,14.924,14.478,14.530,1999-10-19
12.923250,85.113510,15.715,15.165,14.953,1999-10-19
12.958651,85.072517,16.333,15.428,15.492,1999-10-19
12.984528,85.084908,15.541,15.266,15.134,1999-10-19
12.982360,85.097084,16.315,15.939,15.880,1999-10-19
12.955150,85.096123,16.111,15.332,15.602,1999-10-19
13.041046,85.084053,16.607,16.121,17.110,1999-10-19
13.036284,85.070747,13.169,12.682,12.608,1999-10-19
13.010497,85.097717,16.320,15.517,15.262,1999-10-19
13.186657,85.063461,16.753,17.550,16.886,1999-10-19
13.208633,85.106140,14.825,14.275,14.057,1999-10-19
13.213181,85.108223,16.443,15.890,16.099,1999-10-19
13.269516,85.104218,16.454,16.025,15.771,1999-10-19
13.369026,85.071030,14.276,14.109,13.921,1999-10-19
13.411946,85.117653,14.476,14.200,14.125,1999-10-19
13.407367,85.072594,15.355,14.978,15.086,1999-10-19
13.375278,85.111252,16.072,15.439,15.614,1999-10-19
13.392217,85.071922,15.851,15.210,15.234,1999-10-19
13.460563,85.088684,16.826,15.837,16.025,1999-10-19
13.491253,85.067337,15.176,14.691,14.669,1999-10-19
13.559223,85.095551,16.339,15.711,15.856,1999-10-19
13.503194,85.087593,14.807,14.495,14.576,1999-10-19
13.546694,85.071709,13.608,13.126,13.075,1999-10-19
13.539810,85.103195,15.759,15.344,15.177,1999-10-19
13.528533,85.110718,16.504,15.829,16.465,1999-10-19
13.589186,85.070709,13.972,13.739,13.660,1999-10-19
13.670633,85.124252,16.237,15.503,15.245,1999-10-19
13.648202,85.087601,16.234,15.923,15.638,1999-10-19
13.743701,85.074760,12.518,12.160,12.137,1999-10-19
13.706668,85.072235,16.656,16.227,15.398,1999-10-19
13.690658,85.124634,14.647,14.314,14.275,1999-10-19
13.787468,85.082275,15.644,15.040,15.098,1999-10-19
13.840892,85.087624,14.596,14.228,14.226,1999-10-19
13.854362,85.099129,16.581,16.065,15.715,1999-10-19
13.904646,85.075050,15.427,15.068,15.074,1999-10-19
13.958842,85.116020,16.264,15.473,15.370,1999-10-19
13.937900,85.071487,14.696,14.291,14.287,1999-10-19
13.953168,85.079170,14.977,14.588,14.599,1999-10-19
13.957466,85.113304,15.891,15.423,15.274,1999-10-19
14.047689,85.078484,16.279,16.159,15.225,1999-10-19
14.083791,85.087700,16.637,15.846,15.622,1999-10-19
14.082997,85.122864,16.549,15.666,15.387,1999-10-19
14.078155,85.085472,15.380,14.918,14.928,1999-10-19
14.145908,85.087929,15.716,15.309,15.227,1999-10-19
14.138430,85.068176,14.757,14.442,14.409,1999-10-19
14.125036,85.081474,13.647,13.300,13.233,1999-10-19
14.217195,85.070175,16.497,15.654,15.275,1999-10-19
14.247511,85.067734,15.125,14.667,14.756,1999-10-19
14.264794,85.086418,15.314,14.963,14.898,1999-10-19
14.272045,85.094170,16.093,15.581,15.673,1999-10-19
14.262942,85.097305,16.662,17.060,16.173,1999-10-19
14.271770,85.082047,16.886,16.023,15.117,1999-10-19
14.257356,85.110176,15.949,15.314,14.842,1999-10-19
14.355153,85.077065,15.782,15.195,15.271,1999-10-19
14.370145,85.094383,16.543,16.310,16.490,1999-10-19
14.369038,85.114021,16.326,15.830,15.718,1999-10-19
14.461580,85.065475,16.004,15.467,15.311,1999-10-19
14.507486,85.105614,16.860,15.874,15.596,1999-10-19
14.522164,85.121864,15.411,14.969,15.039,1999-10-19
14.569709,85.099274,16.525,15.608,15.736,1999-10-19
14.613772,85.116760,12.098,11.446,11.304,1999-10-19
14.566618,85.118652,16.498,16.025,15.689,1999-10-19
14.657942,85.075302,16.351,15.664,15.575,1999-10-19
14.634069,85.089020,14.614,13.937,13.853,1999-10-19
14.634631,85.107330,16.654,16.200,14.873,1999-10-19
14.774765,85.119011,16.801,16.041,15.919,1999-10-19
14.765506,85.097992,13.531,13.193,13.067,1999-10-19
14.810436,85.090385,14.630,13.971,13.718,1999-10-19
14.867373,85.102348,16.458,15.947,15.047,1999-10-19
14.844173,85.067833,16.067,15.375,15.368,1999-10-19
14.851291,85.070076,14.261,13.849,13.844,1999-10-19
14.947083,85.096428,15.308,15.001,14.803,1999-10-19
14.983446,85.119873,15.806,15.154,14.480,1999-10-19
14.992268,85.104515,16.162,15.516,15.282,1999-10-19
10.056035,85.163918,16.473,15.803,15.496,1999-10-19
10.018763,85.160004,15.651,14.922,14.696,1999-10-19
10.096591,85.171219,15.987,15.287,15.009,1999-10-19
10.151895,85.161987,14.951,14.514,14.422,1999-10-19
10.179952,85.177040,12.016,11.816,11.793,1999-10-19
10.141572,85.160263,16.178,15.628,15.533,1999-10-19
10.240403,85.187408,14.153,13.668,13.625,1999-10-19
10.190075,85.140152,16.551,16.018,15.374,1999-10-19
10.192766,85.173393,16.225,15.642,15.258,1999-10-19
10.263451,85.174370,15.367,14.907,14.840,1999-10-19
10.347593,85.165291,14.529,14.130,14.146,1999-10-19
10.328819,85.135887,15.100,14.408,14.300,1999-10-19
10.380210,85.142838,16.223,15.651,15.585,1999-10-19
10.423071,85.159973,14.326,13.976,13.938,1999-10-19
10.436535,85.133362,15.930,15.257,15.111,1999-10-19
10.448060,85.166199,15.759,15.213,15.084,1999-10-19
10.475702,85.144714,16.410,16.366,16.054,1999-10-19
10.477095,85.155396,13.304,13.070,12.987,1999-10-19
10.460454,85.163506,13.577,13.201,13.102,1999-10-19
10.462355,85.130875,15.803,15.290,15.169,1999-10-19
10.486850,85.147888,16.720,15.977,15.710,1999-10-19
10.557874,85.177376,15.980,15.271,14.998,1999-10-19
10.606561,85.167068,15.240,14.937,14.753,1999-10-19
10.608187,85.185280,14.140,13.802,13.692,1999-10-19
10.581758,85.182129,15.642,15.237,15.021,1999-10-19
10.686616,85.183342,15.433,14.961,14.647,1999-10-19
10.698575,85.144844,16.162,15.523,15.092,1999-10-19
10.781308,85.143906,15.963,15.359,15.890,1999-10-19
10.767970,85.149933,16.635,15.470,15.523,1999-10-19
10.771130,85.180664,14.322,13.907,13.823,1999-10-19
10.783710,85.134033,16.594,15.877,15.660,1999-10-19
10.836023,85.156570,16.208,15.991,15.273,1999-10-19
10.846061,85.172432,15.120,14.889,14.847,1999-10-19
10.862338,85.154884,11.293,10.706,10.591,1999-10-19
10.837935,85.166367,16.447,15.994,15.635,1999-10-19
10.925234,85.178673,13.944,13.622,13.493,1999-10-19
10.961162,85.184921,14.625,14.178,14.216,1999-10-19
10.970807,85.187492,15.360,14.933,14.655,1999-10-19
10.999534,85.179436,16.849,16.201,15.923,1999-10-19
10.946999,85.138489,16.448,15.552,15.365,1999-10-19
11.051734,85.158676,8.580,7.892,7.652,1999-10-19
11.006286,85.145340,15.842,15.255,14.909,1999-10-19
11.007107,85.151772,14.281,13.921,13.860,1999-10-19
11.060150,85.186340,16.581,16.055,15.597,1999-10-19
11.101058,85.173134,16.632,16.197,15.744,1999-10-19
11.111560,85.155762,14.293,13.866,13.827,1999-10-19
11.181394,85.175758,16.007,15.383,15.584,1999-10-19
11.181473,85.155289,16.007,15.722,15.465,1999-10-19
11.155093,85.163780,15.473,15.070,15.099,1999-10-19
11.217682,85.173607,13.334,12.890,12.784,1999-10-19
11.203918,85.168045,15.614,15.279,15.131,1999-10-19
11.287427,85.168762,16.353,15.553,15.167,1999-10-19
11.261660,85.163040,14.999,14.558,14.629,1999-10-19
11.306309,85.173027,16.351,15.547,15.174,1999-10-19
11.256973,85.150436,14.021,13.743,13.681,1999-10-19
11.320587,85.156799,15.848,15.343,14.950,1999-10-19
11.336462,85.138512,14.936,14.593,14.700,1999-10-19
11.338532,85.126770,15.448,15.106,14.952,1999-10-19
11.355668,85.177200,13.136,12.640,12.589,1999-10-19
11.360150,85.160072,15.794,15.593,15.358,1999-10-19
11.323765,85.163277,13.778,13.429,13.390,1999-10-19
11.376953,85.161140,15.298,14.931,14.736,1999-10-19
11.405921,85.127144,12.223,11.661,11.604,1999-10-19
11.402793,85.164909,16.486,15.382,15.168,1999-10-19
11.478520,85.167152,14.043,13.730,13.769,1999-10-19
11.473633,85.147797,16.723,16.024,15.288,1999-10-19
11.450373,85.161995,15.699,15.375,15.048,1999-10-19
11.457183,85.184235,13.109,12.628,12.674,1999-10-19
11.448873,85.184959,13.356,12.947,13.793,1999-10-19
11.522335,85.152168,16.382,16.214,15.220,1999-10-19
11.526414,85.133324,16.587,15.988,15.740,1999-10-19
11.558886,85.182220,14.070,13.804,13.677,1999-10-19
11.614886,85.173943,12.021,11.710,11.621,1999-10-19
11.624470,85.178581,15.488,14.841,14.726,1999-10-19
11.607206,85.185783,14.961,14.681,14.413,1999-10-19
11.607045,85.138092,16.702,16.165,16.292,1999-10-19
11.576048,85.159447,13.405,13.005,12.942,1999-10-19
11.575059,85.134872,16.383,15.797,15.649,1999-10-19
11.629245,85.185333,15.678,15.088,14.989,1999-10-19
11.640135,85.167969,13.719,13.291,13.193,1999-10-19
11.730080,85.170830,14.043,13.679,13.615,1999-10-19
11.713285,85.147522,16.743,16.185,16.681,1999-10-19
11.800376,85.160156,16.028,15.661,15.815,1999-10-19
11.775331,85.132202,14.549,14.124,14.095,1999-10-19
11.812324,85.151817,16.328,16.070,15.662,1999-10-19
11.769955,85.184746,16.220,15.557,15.124,1999-10-19
11.800551,85.177620,14.936,14.673,14.508,1999-10-19
11.765399,85.180412,15.170,14.871,14.719,1999-10-19
11.760508,85.149422,16.404,15.932,15.340,1999-10-19
11.819296,85.174156,14.435,14.018,13.989,1999-10-19
11.826369,85.143295,14.273,14.003,13.923,1999-10-19
11.814033,85.157578,15.164,14.343,14.223,1999-10-19
11.858234,85.161751,14.464,14.186,13.939,1999-10-19
11.837723,85.137764,15.406,15.129,15.070,1999-10-19
11.853840,85.156013,15.472,15.014,14.709,1999-10-19
11.884260,85.184013,12.234,11.700,11.567,1999-10-19
11.986564,85.165672,16.345,16.411,15.408,1999-10-19
11.993076,85.157501,15.008,14.625,14.531,1999-10-19
11.975076,85.131615,16.698,15.751,15.567,1999-10-19
11.972856,85.183029,15.839,15.165,14.986,1999-10-19
11.971606,85.162819,15.959,15.171,15.526,1999-10-19
12.042338,85.156197,16.272,15.895,15.576,1999-10-19
12.045645,85.170212,15.178,14.883,14.658,1999-10-19
12.113334,85.167374,15.829,15.410,15.393,1999-10-19
12.109855,85.176483,14.970,14.698,14.608,1999-10-19
12.113541,85.129333,15.214,14.848,14.787,1999-10-19
12.129721,85.161102,14.523,14.192,14.050,1999-10-19
12.145135,85.126923,15.593,15.262,15.023,1999-10-19
12.159880,85.168671,15.458,15.177,14.880,1999-10-19
12.168113,85.177101,15.775,15.570,15.051,1999-10-19
12.169100,85.170677,15.305,14.520,14.498,1999-10-19
12.186740,85.170570,14.137,13.670,13.524,1999-10-19
12.139086,85.171852,14.741,14.500,14.289,1999-10-19
12.238514,85.167938,14.275,13.941,13.920,1999-10-19
12.238414,85.159836,14.922,14.620,14.450,1999-10-19
12.241081,85.127869,15.284,14.898,14.833,1999-10-19
12.196181,85.180077,14.368,14.040,13.988,1999-10-19
12.226726,85.151939,16.541,16.058,15.572,1999-10-19
12.198328,85.167664,16.901,16.259,15.646,1999-10-19
12.213307,85.127335,15.682,15.203,15.464,1999-10-19
12.200338,85.152519,15.527,15.313,14.877,1999-10-19
12.229305,85.170776,15.173,14.793,14.522,1999-10-19
12.262360,85.171227,14.520,14.138,14.093,1999-10-19
12.261702,85.154350,16.757,15.671,16.193,1999-10-19
12.310345,85.141769,13.809,13.563,13.420,1999-10-19
12.283402,85.185852,15.341,14.892,14.745,1999-10-19
12.291432,85.152542,14.687,14.440,14.265,1999-10-19
12.254231,85.159180,11.139,10.882,10.776,1999-10-19
12.349584,85.135208,16.728,16.156,16.092,1999-10-19
12.327845,85.164223,17.325,16.122,15.634,1999-10-19
12.397043,85.179565,13.016,12.594,12.445,1999-10-19
12.420576,85.162064,15.510,15.165,15.090,1999-10-19
12.378552,85.169930,15.493,15.170,15.090,1999-10-19
12.433506,85.165611,14.355,13.941,13.957,1999-10-19
12.489070,85.173203,14.042,13.725,13.688,1999-10-19
12.486187,85.166885,13.287,13.062,12.960,1999-10-19
12.446245,85.180229,14.331,14.804,14.801,1999-10-19
12.442050,85.181198,13.991,13.881,13.773,1999-10-19
12.555940,85.139870,16.964,16.202,15.775,1999-10-19
12.523626,85.165031,13.496,13.205,13.163,1999-10-19
12.592678,85.141014,16.509,15.977,16.372,1999-10-19
12.604147,85.183907,14.596,14.341,14.219,1999-10-19
12.654830,85.142082,14.271,13.661,13.506,1999-10-19
12.660808,85.169067,15.464,14.676,15.033,1999-10-19
12.742151,85.166710,15.735,15.347,15.037,1999-10-19
12.698875,85.175644,15.192,14.592,14.438,1999-10-19
12.709242,85.166359,16.643,15.642,15.182,1999-10-19
12.799298,85.186035,14.140,13.810,13.809,1999-10-19
12.810363,85.132469,15.219,14.616,14.980,1999-10-19
12.771360,85.168251,16.113,15.545,15.306,1999-10-19
12.816092,85.163300,13.588,13.123,13.013,1999-10-19
12.822944,85.137772,13.134,12.673,12.552,1999-10-19
12.837991,85.156387,15.252,14.940,14.886,1999-10-19
12.887925,85.166229,13.521,13.147,13.049,1999-10-19
12.889770,85.187477,15.632,15.484,15.296,1999-10-19
12.887987,85.157440,14.316,14.106,13.995,1999-10-19
12.917576,85.165802,13.277,12.797,12.633,1999-10-19
12.991863,85.157768,15.888,15.386,15.343,1999-10-19
12.980135,85.131134,14.569,14.277,14.201,1999-10-19
12.962969,85.186470,16.173,15.449,15.655,1999-10-19
12.970569,85.138451,14.840,14.412,14.476,1999-10-19
12.946761,85.137718,16.239,15.810,15.139,1999-10-19
13.021955,85.184311,16.123,15.837,15.601,1999-10-19
13.186165,85.160065,16.126,16.029,15.890,1999-10-19
13.162562,85.160255,13.562,13.150,13.039,1999-10-19
13.182190,85.185326,13.611,13.278,13.256,1999-10-19
13.150006,85.147018,15.533,15.099,14.795,1999-10-19
13.157168,85.176285,13.454,13.085,13.087,1999-10-19
13.141968,85.127693,15.258,14.706,14.448,1999-10-19
13.159923,85.183594,13.752,13.423,13.320,1999-10-19
13.200932,85.138634,16.750,15.978,15.763,1999-10-19
13.208134,85.146095,14.172,13.850,13.822,1999-10-19
13.221942,85.145653,14.985,14.698,14.681,1999-10-19
13.238180,85.162041,13.713,13.421,13.333,1999-10-19
13.223846,85.139877,14.001,13.565,13.569,1999-10-19
13.264265,85.157562,16.465,15.827,15.550,1999-10-19
13.321371,85.126328,16.022,15.323,15.412,1999-10-19
13.334031,85.148705,11.610,11.337,11.194,1999-10-19
13.427061,85.174843,16.246,15.522,15.217,1999-10-19
13.395711,85.187386,11.376,10.792,10.702,1999-10-19
13.499827,85.152328,13.753,13.426,13.320,1999-10-19
13.481459,85.140060,15.823,15.302,14.937,1999-10-19
13.450351,85.179665,13.027,12.641,12.522,1999-10-19
13.470474,85.166641,16.426,15.865,15.576,1999-10-19
13.539530,85.144394,15.650,14.924,14.978,1999-10-19
13.522824,85.171371,16.381,15.574,15.127,1999-10-19
13.515685,85.140770,14.703,14.426,14.360,1999-10-19
13.571961,85.186226,15.671,15.206,14.964,1999-10-19
13.581632,85.152931,14.264,13.917,13.871,1999-10-19
13.631566,85.169525,16.261,15.574,15.315,1999-10-19
13.679308,85.154350,15.338,14.903,14.880,1999-10-19
13.696134,85.177383,14.959,14.556,14.592,1999-10-19
13.724921,85.157455,14.752,14.404,14.343,1999-10-19
13.803464,85.127098,16.712,16.300,15.723,1999-10-19
13.911866,85.180748,15.148,14.780,14.670,1999-10-19
13.917920,85.158348,16.636,16.220,15.567,1999-10-19
13.978174,85.130997,16.499,15.764,15.534,1999-10-19
13.979551,85.167183,16.111,15.289,15.145,1999-10-19
13.939120,85.180603,16.004,15.135,14.937,1999-10-19
14.042744,85.172386,15.895,15.521,15.223,1999-10-19
14.000610,85.152672,16.751,16.155,17.090,1999-10-19
14.014493,85.149612,15.761,15.200,15.169,1999-10-19
14.040536,85.183525,16.445,15.848,15.602,1999-10-19
14.118318,85.145180,14.702,14.185,14.105,1999-10-19
14.089686,85.170044,16.479,15.853,15.658,1999-10-19
14.140889,85.139236,14.880,14.408,14.271,1999-10-19
14.178161,85.147079,16.025,15.534,14.985,1999-10-19
14.244303,85.125404,15.289,14.593,14.457,1999-10-19
14.206010,85.184471,13.491,13.293,13.154,1999-10-19
14.339433,85.183235,14.496,13.937,13.896,1999-10-19
14.326841,85.174683,10.377,9.842,9.676,1999-10-19
14.356021,85.154999,15.971,15.318,15.400,1999-10-19
14.349414,85.175545,15.535,14.948,15.016,1999-10-19
14.391889,85.174515,14.588,14.182,14.151,1999-10-19
14.403482,85.161926,15.711,15.284,15.036,1999-10-19
14.413777,85.145958,16.436,15.905,15.330,1999-10-19
14.392468,85.168793,16.657,15.736,15.466,1999-10-19
14.537891,85.172409,16.074,15.579,15.457,1999-10-19
14.516936,85.151192,14.843,14.427,14.489,1999-10-19
14.612045,85.184914,14.712,14.112,13.981,1999-10-19
14.575990,85.149879,14.921,14.471,14.325,1999-10-19
14.636589,85.163010,15.264,15.078,15.054,1999-10-19
14.705261,85.156013,14.655,14.433,14.341,1999-10-19
14.693085,85.180695,15.090,14.828,14.674,1999-10-19
14.691049,85.125351,15.199,14.818,14.483,1999-10-19
14.715946,85.167053,16.006,15.286,15.203,1999-10-19
14.768930,85.153648,16.418,15.966,16.874,1999-10-19
14.802601,85.158203,15.273,14.964,14.802,1999-10-19
14.853490,85.129471,16.120,15.469,15.410,1999-10-19
14.859708,85.134193,16.024,15.229,14.789,1999-10-19
14.891704,85.148354,13.685,13.349,13.372,1999-10-19
14.886516,85.126854,16.447,15.932,15.541,1999-10-19
14.911170,85.166786,16.615,15.805,15.531,1999-10-19
14.904490,85.155365,16.630,15.928,15.202,1999-10-19
14.934525,85.132652,14.656,14.242,14.191,1999-10-19
14.927138,85.125420,15.668,15.433,15.863,1999-10-19
14.952266,85.150200,14.874,14.522,14.496,1999-10-19
10.049863,85.207024,16.099,15.687,15.670,1999-10-19
10.099774,85.242348,15.617,15.071,14.941,1999-10-19
10.096857,85.221725,16.635,15.834,15.307,1999-10-19
10.094340,85.193771,13.404,12.761,12.547,1999-10-19
10.129048,85.188713,16.183,15.490,15.241,1999-10-19
10.221719,85.240555,16.800,16.005,15.901,1999-10-19
10.239931,85.243668,14.358,14.077,13.976,1999-10-19
10.193158,85.190506,16.086,15.768,15.790,1999-10-19
10.188935,85.202492,14.479,14.254,14.301,1999-10-19
10.199160,85.242233,14.245,13.911,13.833,1999-10-19
10.190440,85.249130,12.003,11.667,11.633,1999-10-19
10.307766,85.205833,16.152,15.548,15.587,1999-10-19
10.250836,85.192451,9.710,9.171,9.024,1999-10-19
10.298148,85.188805,17.097,16.335,16.098,1999-10-19
10.258506,85.207458,15.469,15.135,14.938,1999-10-19
10.322876,85.237061,16.125,15.371,15.135,1999-10-19
10.316090,85.208939,14.269,13.907,13.839,1999-10-19
10.336065,85.199554,15.353,14.831,14.954,1999-10-19
10.391760,85.208420,14.846,14.256,13.802,1999-10-19
10.403246,85.199593,16.265,15.728,15.951,1999-10-19
10.422691,85.215584,15.459,15.139,14.818,1999-10-19
10.455686,85.220016,15.974,15.581,15.332,1999-10-19
10.534996,85.200233,13.985,13.696,13.611,1999-10-19
10.544723,85.188057,15.339,14.693,14.325,1999-10-19
10.594066,85.201881,14.261,13.984,13.957,1999-10-19
10.584663,85.233986,14.591,14.224,14.192,1999-10-19
10.606131,85.187561,16.666,16.101,15.889,1999-10-19
10.646464,85.212517,14.072,13.440,13.195,1999-10-19
10.647478,85.223778,11.925,11.440,11.381,1999-10-19
10.678742,85.248749,14.223,13.886,13.875,1999-10-19
10.659442,85.202568,16.400,15.664,15.397,1999-10-19
10.680798,85.237221,8.611,8.457,8.390,1999-10-19
10.703317,85.196320,14.265,14.009,13.748,1999-10-19
10.745098,85.220757,13.728,13.462,13.213,1999-10-19
10.692174,85.201302,14.735,14.394,14.190,1999-10-19
10.722382,85.227425,13.982,13.698,13.579,1999-10-19
10.701064,85.214066,16.480,15.730,15.725,1999-10-19
10.798504,85.245697,14.669,14.314,14.259,1999-10-19
10.799788,85.229210,15.798,15.544,15.559,1999-10-19
10.791797,85.206688,13.752,13.424,13.367,1999-10-19
10.772533,85.193390,15.064,14.797,14.490,1999-10-19
10.754233,85.208740,15.559,15.086,14.872,1999-10-19
10.771063,85.190033,14.716,14.379,14.304,1999-10-19
10.820319,85.243057,16.593,16.133,16.336,1999-10-19
10.823427,85.221703,16.115,15.595,15.663,1999-10-19
10.896288,85.209282,16.440,16.006,16.265,1999-10-19
10.923190,85.221436,13.730,13.576,13.431,1999-10-19
10.892190,85.236877,16.133,15.329,15.291,1999-10-19
10.878145,85.195747,15.521,15.049,15.131,1999-10-19
10.911214,85.191734,14.465,14.066,14.171,1999-10-19
10.901592,85.219589,13.285,12.687,12.656,1999-10-19
10.884443,85.239861,16.680,15.779,17.096,1999-10-19
10.992931,85.230759,14.708,14.439,14.336,1999-10-19
10.992921,85.248611,14.516,14.265,14.133,1999-10-19
10.945026,85.246460,16.541,15.990,15.741,1999-10-19
10.988679,85.238487,14.300,13.977,13.839,1999-10-19
10.969490,85.218102,12.455,11.842,11.713,1999-10-19
10.972615,85.225266,14.453,14.188,14.209,1999-10-19
10.977580,85.205078,15.053,14.500,14.456,1999-10-19
10.979599,85.202774,16.372,16.079,15.489,1999-10-19
10.945384,85.216064,16.214,15.778,15.575,1999-10-19
10.985800,85.226028,16.556,15.903,15.203,1999-10-19
10.987155,85.188683,14.734,14.410,14.273,1999-10-19
10.985352,85.249580,16.513,14.736,14.640,1999-10-19
10.991700,85.191544,14.623,14.255,14.244,1999-10-19
11.047963,85.241859,15.390,15.133,14.883,1999-10-19
11.059299,85.193481,14.153,14.147,13.853,1999-10-19
11.008149,85.217804,15.184,14.844,14.943,1999-10-19
11.008341,85.239601,14.447,14.223,14.081,1999-10-19
11.053133,85.234108,13.532,13.207,13.137,1999-10-19
11.012320,85.195038,13.376,12.881,12.800,1999-10-19
11.060200,85.229057,15.579,15.005,14.983,1999-10-19
11.103108,85.227005,16.008,15.448,15.124,1999-10-19
11.100517,85.242020,16.515,16.211,15.399,1999-10-19
11.114840,85.236382,13.783,13.471,13.332,1999-10-19
11.080765,85.220268,16.665,15.926,15.691,1999-10-19
11.096503,85.211433,16.915,16.183,15.792,1999-10-19
11.081708,85.204094,14.154,13.789,13.813,1999-10-19
11.071437,85.221695,16.676,16.089,15.839,1999-10-19
11.107864,85.243713,16.294,15.483,16.164,1999-10-19
11.134605,85.222282,14.834,14.413,14.414,1999-10-19
11.128696,85.212494,14.730,14.384,14.118,1999-10-19
11.128802,85.244125,15.212,14.581,14.424,1999-10-19
11.179794,85.193626,14.016,13.776,13.646,1999-10-19
11.146275,85.238235,15.454,15.778,14.662,1999-10-19
11.169849,85.219185,14.510,14.235,14.168,1999-10-19
11.163564,85.242775,16.341,15.568,16.146,1999-10-19
11.132552,85.235687,16.568,15.343,15.251,1999-10-19
11.152455,85.239601,13.548,13.234,13.216,1999-10-19
11.218900,85.234871,10.098,9.461,9.304,1999-10-19
11.230489,85.205803,14.309,13.987,13.962,1999-10-19
11.195769,85.210075,15.050,14.682,14.700,1999-10-19
11.243830,85.190727,16.170,15.238,15.481,1999-10-19
11.247636,85.197350,13.836,13.569,13.433,1999-10-19
11.188246,85.225044,13.821,13.513,13.435,1999-10-19
11.278461,85.234612,13.486,13.168,12.993,1999-10-19
11.302059,85.236992,14.224,13.880,13.925,1999-10-19
11.267898,85.233124,14.678,14.416,14.342,1999-10-19
11.263879,85.235352,14.742,14.442,14.312,1999-10-19
11.317489,85.228539,16.614,15.698,15.336,1999-10-19
11.374668,85.204437,13.866,13.490,13.440,1999-10-19
11.322129,85.206062,14.096,13.757,13.671,1999-10-19
11.328997,85.241226,15.706,15.285,14.946,1999-10-19
11.341216,85.207367,14.635,14.271,14.178,1999-10-19
11.341992,85.232178,16.049,15.190,15.044,1999-10-19
11.344182,85.210609,12.167,11.676,11.551,1999-10-19
11.361927,85.204842,13.691,13.379,13.167,1999-10-19
11.390930,85.236572,14.661,14.424,14.233,1999-10-19
11.399809,85.199699,15.428,14.902,15.058,1999-10-19
11.386782,85.235092,16.399,15.658,15.685,1999-10-19
11.390205,85.228432,15.915,15.477,15.049,1999-10-19
11.386057,85.205109,15.089,14.707,14.560,1999-10-19
11.383698,85.237808,14.879,14.477,14.274,1999-10-19
11.409630,85.211815,16.181,15.927,15.622,1999-10-19
11.419040,85.233955,13.542,13.156,13.154,1999-10-19
11.449387,85.239433,16.873,15.868,15.668,1999-10-19
11.474320,85.201614,14.860,14.479,14.410,1999-10-19
11.477100,85.245857,15.393,14.982,14.829,1999-10-19
11.456446,85.234367,12.283,11.786,11.698,1999-10-19
11.487160,85.204285,16.061,15.516,15.337,1999-10-19
11.484965,85.239822,16.742,16.272,16.343,1999-10-19
11.487695,85.206436,13.570,13.292,13.164,1999-10-19
11.473509,85.242027,14.030,13.757,13.694,1999-10-19
11.468652,85.206734,14.465,14.134,13.974,1999-10-19
11.525228,85.217567,16.740,15.985,15.823,1999-10-19
11.559557,85.233139,14.571,14.252,14.249,1999-10-19
11.550476,85.233856,14.533,14.125,13.965,1999-10-19
11.535887,85.221298,13.280,12.591,12.445,1999-10-19
11.530700,85.230423,14.693,14.080,13.873,1999-10-19
11.502242,85.195274,15.808,15.239,15.160,1999-10-19
11.596608,85.237320,14.239,13.759,13.761,1999-10-19
11.569332,85.248642,15.243,14.779,14.669,1999-10-19
11.566717,85.226387,16.353,15.632,15.523,1999-10-19
11.574465,85.206772,16.549,16.240,16.409,1999-10-19
11.598401,85.212631,16.063,15.305,15.493,1999-10-19
11.606517,85.192696,15.339,14.872,14.678,1999-10-19
11.578728,85.213120,15.451,14.930,14.833,1999-10-19
11.612769,85.214836,14.865,14.440,14.324,1999-10-19
11.611936,85.196518,13.744,13.499,13.400,1999-10-19
11.581036,85.218987,10.765,10.556,10.494,1999-10-19
11.681306,85.201645,14.458,14.053,14.032,1999-10-19
11.638226,85.231796,15.959,15.527,15.273,1999-10-19
11.669056,85.244514,13.740,13.470,13.385,1999-10-19
11.640608,85.242844,12.005,11.468,11.321,1999-10-19
11.648523,85.228264,15.646,15.315,14.955,1999-10-19
11.652069,85.217644,13.874,13.554,13.417,1999-10-19
11.625195,85.197746,12.185,11.695,11.518,1999-10-19
11.657345,85.207916,13.266,12.911,12.834,1999-10-19
11.703597,85.212257,13.971,13.691,13.532,1999-10-19
11.738223,85.188049,14.707,14.456,14.355,1999-10-19
11.748603,85.221031,10.349,9.789,9.639,1999-10-19
11.726779,85.249550,14.605,14.277,14.172,1999-10-19
11.714605,85.242714,14.283,13.931,13.750,1999-10-19
11.715647,85.241112,15.474,14.931,14.736,1999-10-19
11.706131,85.233246,15.498,14.995,14.794,1999-10-19
11.724644,85.243713,13.200,12.430,12.744,1999-10-19
11.737437,85.197159,14.800,14.362,14.368,1999-10-19
11.704841,85.192451,15.360,15.042,14.793,1999-10-19
11.722323,85.243935,12.748,12.759,12.396,1999-10-19
11.796349,85.249428,14.279,13.933,13.902,1999-10-19
11.781694,85.247124,15.501,14.943,15.006,1999-10-19
11.775824,85.241920,14.580,14.208,14.134,1999-10-19
11.752489,85.230652,14.195,13.915,13.877,1999-10-19
11.799268,85.225403,13.361,13.026,13.024,1999-10-19
11.764943,85.226929,13.968,13.605,13.599,1999-10-19
11.761570,85.228905,16.720,15.031,15.716,1999-10-19
11.850090,85.204605,13.910,13.595,13.480,1999-10-19
11.831638,85.222099,13.913,13.576,13.445,1999-10-19
11.830242,85.243629,15.333,14.865,14.818,1999-10-19
11.932212,85.191185,14.467,14.108,13.999,1999-10-19
11.902175,85.228432,16.509,15.494,15.411,1999-10-19
11.930472,85.207657,13.625,13.273,13.217,1999-10-19
11.933109,85.235550,16.035,15.585,15.217,1999-10-19
11.886881,85.244804,15.162,14.672,14.775,1999-10-19
11.921910,85.229340,13.662,13.297,13.248,1999-10-19
11.892646,85.239777,16.419,15.841,15.794,1999-10-19
11.943240,85.244019,14.845,14.418,14.386,1999-10-19
11.942599,85.214500,13.333,12.864,12.781,1999-10-19
11.964587,85.228317,14.233,13.839,13.809,1999-10-19
11.962456,85.224754,13.355,13.034,12.963,1999-10-19
11.978008,85.206688,15.040,14.718,14.591,1999-10-19
11.987695,85.248878,9.966,9.398,9.260,1999-10-19
11.990344,85.226662,15.906,15.283,15.011,1999-10-19
11.937532,85.239204,12.851,12.350,12.279,1999-10-19
11.939572,85.204163,14.915,14.687,14.601,1999-10-19
11.996777,85.192299,9.891,9.203,9.100,1999-10-19
11.982301,85.192917,13.897,13.495,13.426,1999-10-19
11.971071,85.197197,15.256,15.040,14.934,1999-10-19
12.047603,85.230934,14.348,14.019,13.838,1999-10-19
12.025291,85.242516,16.514,15.870,16.571,1999-10-19
12.059238,85.246758,13.670,13.293,13.255,1999-10-19
12.011333,85.220581,15.077,14.672,14.659,1999-10-19
12.027495,85.215546,15.083,14.743,14.640,1999-10-19
12.029172,85.246933,14.940,14.627,14.478,1999-10-19
12.119066,85.202759,16.120,15.430,15.376,1999-10-19
12.076757,85.224709,13.099,13.519,12.838,1999-10-19
12.097288,85.191917,16.325,15.659,17.002,1999-10-19
12.064596,85.195992,15.399,15.017,15.143,1999-10-19
12.077124,85.246292,13.197,12.709,12.675,1999-10-19
12.107947,85.206490,14.603,13.920,13.783,1999-10-19
12.120459,85.242867,15.726,15.313,15.191,1999-10-19
12.079951,85.196953,15.897,15.253,15.269,1999-10-19
12.093500,85.217316,14.784,14.449,14.313,1999-10-19
12.082467,85.224281,13.295,13.172,13.115,1999-10-19
12.069487,85.194260,14.627,14.327,14.124,1999-10-19
12.099539,85.210213,16.586,15.855,15.270,1999-10-19
12.105659,85.243019,15.341,14.709,14.502,1999-10-19
12.139977,85.249374,15.796,15.415,14.955,1999-10-19
12.167619,85.248779,15.252,14.915,14.705,1999-10-19
12.181147,85.226646,14.825,14.484,14.280,1999-10-19
12.169302,85.213188,16.596,16.131,15.087,1999-10-19
12.185407,85.201340,16.242,15.839,15.447,1999-10-19
12.156109,85.241592,14.306,13.841,13.823,1999-10-19
12.154444,85.221672,13.430,12.995,12.909,1999-10-19
12.177522,85.193329,14.160,13.858,13.732,1999-10-19
12.196730,85.234596,14.959,14.299,14.060,1999-10-19
12.208755,85.204254,16.001,15.473,15.271,1999-10-19
12.192544,85.196533,16.661,15.642,15.838,1999-10-19
12.188315,85.236488,15.214,14.903,14.649,1999-10-19
12.223838,85.235962,16.256,15.839,15.377,1999-10-19
12.212232,85.244736,15.784,15.110,15.080,1999-10-19
12.219133,85.202347,13.701,13.387,13.245,1999-10-19
12.246280,85.208191,11.690,11.203,11.078,1999-10-19
12.243032,85.242821,15.894,15.413,15.156,1999-10-19
12.227468,85.210182,13.681,13.443,13.410,1999-10-19
12.275667,85.201363,14.793,14.438,14.395,1999-10-19
12.290968,85.215485,16.371,15.700,15.477,1999-10-19
12.290047,85.228661,16.641,16.028,15.505,1999-10-19
12.286120,85.223984,15.018,14.730,14.494,1999-10-19
12.299581,85.236908,16.603,15.610,15.401,1999-10-19
12.317639,85.229462,16.544,15.832,15.331,1999-10-19
12.366800,85.190201,13.747,13.453,13.362,1999-10-19
12.313324,85.239227,15.811,15.545,15.106,1999-10-19
12.345636,85.202240,14.625,14.369,14.380,1999-10-19
12.363083,85.211906,11.479,10.868,10.719,1999-10-19
12.351340,85.214478,14.867,14.659,14.507,1999-10-19
12.355519,85.248283,14.897,14.485,14.523,1999-10-19
12.357717,85.229286,15.462,14.924,14.983,1999-10-19
12.365887,85.201637,15.931,15.609,15.347,1999-10-19
12.330277,85.200005,14.748,14.367,14.294,1999-10-19
12.342402,85.247452,16.678,15.283,15.412,1999-10-19
12.382935,85.239296,15.481,15.121,14.883,1999-10-19
12.427832,85.243347,15.193,14.866,14.601,1999-10-19
12.436133,85.200859,14.403,14.109,13.964,1999-10-19
12.436645,85.232750,15.241,14.891,14.719,1999-10-19
12.392643,85.191116,15.726,15.155,15.091,1999-10-19
12.489876,85.241188,16.673,15.996,14.988,1999-10-19
12.472238,85.217682,14.432,14.134,14.056,1999-10-19
12.493931,85.246017,14.640,14.310,14.231,1999-10-19
12.451389,85.241280,13.589,13.223,13.143,1999-10-19
12.474230,85.189529,15.949,15.396,15.193,1999-10-19
12.493021,85.188644,16.202,15.660,15.397,1999-10-19
12.440010,85.249161,14.465,14.036,13.971,1999-10-19
12.473581,85.213951,14.762,14.574,14.441,1999-10-19
12.561505,85.202438,14.839,14.401,14.352,1999-10-19
12.536335,85.236107,13.268,12.780,12.493,1999-10-19
12.543852,85.226166,15.224,14.607,14.684,1999-10-19
12.525333,85.246635,12.558,12.070,11.923,1999-10-19
12.545487,85.243919,14.301,14.057,14.077,1999-10-19
12.558558,85.221748,15.487,15.008,15.085,1999-10-19
12.504947,85.214211,15.679,15.123,14.964,1999-10-19
12.620696,85.202751,14.798,14.279,14.054,1999-10-19
12.609115,85.236160,16.344,15.504,15.056,1999-10-19
12.605272,85.234787,14.899,14.488,14.353,1999-10-19
12.590405,85.208862,15.205,14.825,14.760,1999-10-19
12.630119,85.226006,14.014,13.769,13.705,1999-10-19
12.668550,85.223938,13.002,12.736,12.676,1999-10-19
12.658171,85.200806,16.042,15.338,15.175,1999-10-19
12.661186,85.228729,16.394,15.852,15.153,1999-10-19
12.662216,85.237091,16.501,17.425,17.061,1999-10-19
12.657480,85.197380,13.541,13.214,13.134,1999-10-19
12.655250,85.232719,14.232,14.047,13.925,1999-10-19
12.686214,85.194168,15.381,15.204,14.775,1999-10-19
12.656102,85.203896,15.645,15.106,15.335,1999-10-19
12.688568,85.221939,14.579,14.269,14.165,1999-10-19
12.710265,85.217850,15.289,14.973,14.992,1999-10-19
12.730579,85.211708,15.208,15.043,14.854,1999-10-19
12.734350,85.216103,14.788,14.512,14.413,1999-10-19
12.700281,85.190338,16.182,16.851,15.761,1999-10-19
12.794168,85.241379,13.757,13.559,13.443,1999-10-19
12.762266,85.232353,16.561,15.616,15.391,1999-10-19
12.765380,85.227783,15.247,14.981,14.719,1999-10-19
12.769275,85.229980,15.223,15.016,14.875,1999-10-19
12.786904,85.248299,16.405,15.711,15.588,1999-10-19
12.798098,85.238960,13.195,12.899,12.762,1999-10-19
12.780566,85.206940,15.740,15.322,15.651,1999-10-19
12.866555,85.212372,14.648,14.328,14.168,1999-10-19
12.869137,85.231125,13.668,13.365,13.303,1999-10-19
12.840691,85.210480,11.370,10.816,10.659,1999-10-19
12.839653,85.201523,14.431,14.113,13.947,1999-10-19
12.931945,85.226189,16.038,15.428,15.230,1999-10-19
12.904238,85.228905,12.708,12.233,12.111,1999-10-19
12.929044,85.208733,14.855,14.233,13.936,1999-10-19
12.884220,85.216530,15.531,14.916,14.834,1999-10-19
12.902955,85.218765,16.054,15.449,15.271,1999-10-19
12.903231,85.200134,16.396,16.002,15.243,1999-10-19
12.893885,85.212234,15.129,14.779,14.483,1999-10-19
12.968411,85.188667,12.698,12.179,12.042,1999-10-19
12.957661,85.249374,16.079,15.653,15.370,1999-10-19
12.953154,85.223289,16.254,15.354,15.573,1999-10-19
13.015236,85.229904,15.718,15.313,15.138,1999-10-19
13.028833,85.198784,14.097,13.830,13.803,1999-10-19
13.022078,85.242905,16.047,15.642,15.711,1999-10-19
13.013435,85.196472,14.463,14.115,13.995,1999-10-19
13.010245,85.235001,14.180,13.772,13.802,1999-10-19
13.068165,85.197594,12.964,12.413,12.199,1999-10-19
13.066782,85.229027,13.722,13.429,13.324,1999-10-19
13.068908,85.203537,16.156,16.089,15.182,1999-10-19
13.064873,85.245728,13.890,13.545,13.517,1999-10-19
13.125717,85.227608,14.784,14.338,14.055,1999-10-19
13.141925,85.189186,16.165,15.215,15.032,1999-10-19
13.165077,85.239357,14.872,14.546,14.419,1999-10-19
13.191603,85.204041,14.635,14.229,14.204,1999-10-19
13.232097,85.241943,16.526,15.946,15.257,1999-10-19
13.205537,85.224510,14.295,13.924,13.873,1999-10-19
13.207714,85.222229,15.801,15.144,14.952,1999-10-19
13.213666,85.217789,16.603,15.955,15.520,1999-10-19
13.269114,85.218781,13.533,13.154,13.101,1999-10-19
13.274571,85.236305,15.387,15.122,14.992,1999-10-19
13.271832,85.225243,15.177,14.807,14.700,1999-10-19
13.310708,85.247063,16.698,16.880,16.408,1999-10-19
13.337632,85.247932,14.875,14.616,14.489,1999-10-19
13.333997,85.239716,16.057,15.727,15.363,1999-10-19
13.330129,85.249474,15.156,14.884,14.745,1999-10-19
13.324001,85.216095,14.612,14.280,14.373,1999-10-19
13.343476,85.193352,16.157,15.938,15.780,1999-10-19
13.386651,85.190681,13.046,12.455,12.360,1999-10-19
13.388577,85.245461,15.175,14.890,14.572,1999-10-19
13.405669,85.231293,16.050,15.309,15.225,1999-10-19
13.415042,85.196136,16.531,16.134,15.554,1999-10-19
13.457225,85.214386,13.392,13.206,13.028,1999-10-19
13.492239,85.212563,16.554,15.938,15.844,1999-10-19
13.448327,85.192024,16.417,15.935,15.676,1999-10-19
13.467743,85.197037,16.342,15.636,16.648,1999-10-19
13.454191,85.203339,16.863,15.823,15.658,1999-10-19
13.513207,85.196091,16.542,16.159,15.864,1999-10-19
13.501932,85.240883,14.958,14.720,14.474,1999-10-19
13.595872,85.188629,16.139,15.505,15.061,1999-10-19
13.596957,85.236900,16.184,15.434,15.537,1999-10-19
13.628922,85.214287,16.564,15.932,15.539,1999-10-19
13.688830,85.215683,16.190,15.867,15.611,1999-10-19
13.738218,85.247894,15.787,15.480,15.377,1999-10-19
13.736061,85.224846,14.195,13.914,13.767,1999-10-19
13.709983,85.214432,14.855,14.487,14.396,1999-10-19
13.841408,85.235275,15.736,15.298,15.264,1999-10-19
13.905131,85.198265,15.865,15.207,15.479,1999-10-19
13.883956,85.203255,14.911,14.321,14.193,1999-10-19
13.958204,85.192978,13.795,13.260,13.176,1999-10-19
13.938607,85.205811,8.441,7.631,7.520,1999-10-19
14.053474,85.227249,15.410,15.096,14.841,1999-10-19
14.092820,85.244057,13.736,13.529,13.312,1999-10-19
14.064961,85.244545,14.317,14.090,13.839,1999-10-19
14.089685,85.245743,11.810,11.565,11.519,1999-10-19
14.149493,85.228844,13.102,12.517,12.519,1999-10-19
14.173913,85.230728,14.724,14.316,14.236,1999-10-19
14.254664,85.188461,16.718,16.035,16.593,1999-10-19
14.327837,85.229271,15.174,14.951,14.762,1999-10-19
14.362207,85.187698,16.705,16.599,17.174,1999-10-19
14.400369,85.197159,15.363,14.807,14.881,1999-10-19
14.378226,85.224319,16.412,15.733,15.892,1999-10-19
14.458956,85.212517,17.287,15.909,15.815,1999-10-19
14.553846,85.196907,16.286,14.920,15.130,1999-10-19
14.592868,85.239059,16.466,15.916,15.596,1999-10-19
14.562936,85.231857,14.156,13.723,13.668,1999-10-19
14.609741,85.219421,16.626,16.158,15.717,1999-10-19
14.680477,85.248512,16.724,15.825,14.701,1999-10-19
14.640439,85.197342,15.494,14.872,14.577,1999-10-19
14.691473,85.244034,13.703,13.088,12.841,1999-10-19
14.718070,85.200241,16.781,16.219,17.123,1999-10-19
14.799654,85.191902,12.627,12.349,12.290,1999-10-19
14.765822,85.226639,14.076,13.781,13.721,1999-10-19
14.810195,85.241501,14.612,14.260,14.177,1999-10-19
14.862600,85.215332,15.290,14.897,14.886,1999-10-19
14.842101,85.237831,15.043,14.675,14.647,1999-10-19
14.818733,85.243431,16.381,15.614,15.702,1999-10-19
14.910676,85.208290,15.140,14.701,14.696,1999-10-19
14.884439,85.216034,14.343,13.694,13.522,1999-10-19
10.014610,85.257179,16.483,15.701,15.690,1999-10-19
10.117753,85.285538,14.779,14.223,14.375,1999-10-19
10.114848,85.286514,16.417,14.709,14.721,1999-10-19
10.109568,85.301674,16.124,15.325,15.264,1999-10-19
10.112968,85.268501,15.266,14.858,14.828,1999-10-19
10.076848,85.267441,16.353,15.416,15.559,1999-10-19
10.132910,85.269234,16.476,16.088,15.455,1999-10-19
10.157282,85.253830,16.215,15.443,15.297,1999-10-19
10.170625,85.276421,16.711,15.803,15.867,1999-10-19
10.169287,85.288887,13.897,13.523,13.444,1999-10-19
10.232301,85.272041,16.147,15.562,15.378,1999-10-19
10.278204,85.294823,15.225,14.580,14.623,1999-10-19
10.370766,85.267647,15.055,14.696,14.366,1999-10-19
10.362362,85.280930,15.301,14.567,14.519,1999-10-19
10.326352,85.261711,15.060,14.417,14.290,1999-10-19
10.372666,85.272476,15.278,14.858,14.973,1999-10-19
10.366018,85.277115,16.613,16.058,15.640,1999-10-19
10.405180,85.267143,15.803,15.152,15.301,1999-10-19
10.379343,85.266479,15.095,14.423,14.280,1999-10-19
10.415341,85.298317,13.297,12.932,13.278,1999-10-19
10.386124,85.311378,15.868,15.262,15.103,1999-10-19
10.477429,85.267120,16.218,15.521,15.185,1999-10-19
10.461291,85.262962,14.793,14.500,14.353,1999-10-19
10.445383,85.294456,16.638,15.857,16.041,1999-10-19
10.457022,85.252182,16.453,15.569,15.676,1999-10-19
10.454707,85.304375,16.108,15.335,15.306,1999-10-19
10.527729,85.279755,13.064,12.815,12.778,1999-10-19
10.503987,85.273598,12.524,12.010,11.876,1999-10-19
10.607104,85.272758,10.921,10.332,10.220,1999-10-19
10.586457,85.260925,12.316,12.041,12.001,1999-10-19
10.622946,85.297050,14.134,13.686,13.672,1999-10-19
10.604420,85.293655,14.500,14.233,14.136,1999-10-19
10.668715,85.280411,13.539,13.000,12.884,1999-10-19
10.649356,85.253708,16.346,15.782,16.375,1999-10-19
10.626808,85.310799,14.550,14.226,14.147,1999-10-19
10.656856,85.269394,15.849,15.267,15.656,1999-10-19
10.686697,85.257690,16.896,16.204,15.392,1999-10-19
10.748798,85.276871,15.139,14.933,14.938,1999-10-19
10.707360,85.298378,15.427,14.933,14.844,1999-10-19
10.729906,85.270493,15.423,14.571,14.417,1999-10-19
10.747411,85.257271,15.855,15.354,15.234,1999-10-19
10.802611,85.267433,15.480,14.945,14.687,1999-10-19
10.824158,85.290306,13.555,13.155,13.061,1999-10-19
10.866024,85.285294,16.484,15.658,15.763,1999-10-19
10.836450,85.283142,16.836,16.376,15.610,1999-10-19
10.921167,85.309906,15.247,14.868,14.795,1999-10-19
10.905270,85.305733,16.536,15.979,15.645,1999-10-19
10.882323,85.299393,13.590,13.227,13.189,1999-10-19
10.983429,85.302048,14.128,13.772,13.680,1999-10-19
10.970455,85.309769,13.628,13.256,13.193,1999-10-19
10.954408,85.259964,15.558,15.091,15.322,1999-10-19
10.963740,85.291710,15.727,15.251,14.868,1999-10-19
11.058988,85.276108,15.579,14.947,14.981,1999-10-19
11.009334,85.259537,16.532,16.048,15.238,1999-10-19
11.017620,85.257332,15.856,15.465,15.568,1999-10-19
11.053984,85.274338,14.550,14.227,14.222,1999-10-19
11.096854,85.289108,14.178,13.857,13.754,1999-10-19
11.075505,85.267349,12.180,11.829,11.798,1999-10-19
11.090222,85.305374,13.792,13.477,13.359,1999-10-19
11.072268,85.270744,16.874,15.712,15.473,1999-10-19
11.122750,85.252609,12.202,11.653,11.520,1999-10-19
11.105318,85.305618,15.615,15.483,15.267,1999-10-19
11.070313,85.288857,14.529,14.301,14.233,1999-10-19
11.169087,85.255882,13.545,13.172,13.116,1999-10-19
11.180887,85.278122,15.977,15.328,15.464,1999-10-19
11.167354,85.307816,16.344,15.758,15.385,1999-10-19
11.138829,85.300903,15.190,14.922,14.666,1999-10-19
11.137225,85.307045,13.356,12.826,12.599,1999-10-19
11.217495,85.265091,14.384,14.093,13.910,1999-10-19
11.216050,85.299294,15.390,14.918,14.842,1999-10-19
11.242102,85.277908,14.146,13.841,13.805,1999-10-19
11.191299,85.256699,13.813,13.542,13.393,1999-10-19
11.274639,85.301895,15.586,14.907,14.641,1999-10-19
11.250367,85.265388,13.675,13.334,13.294,1999-10-19
11.298964,85.282486,14.965,14.533,14.520,1999-10-19
11.327846,85.310257,15.049,14.528,14.520,1999-10-19
11.367778,85.284691,15.733,15.160,15.044,1999-10-19
11.372382,85.253166,14.826,14.144,13.938,1999-10-19
11.318931,85.283501,14.927,14.533,14.338,1999-10-19
11.330379,85.258057,12.909,12.685,12.601,1999-10-19
11.325087,85.265358,16.404,15.901,15.674,1999-10-19
11.326199,85.253632,15.079,14.826,14.443,1999-10-19
11.329695,85.256546,15.313,15.019,14.887,1999-10-19
11.399675,85.295357,13.907,13.583,13.547,1999-10-19
11.433506,85.310326,13.737,13.467,13.410,1999-10-19
11.380117,85.288170,14.015,13.718,13.634,1999-10-19
11.385512,85.293922,13.660,13.317,13.235,1999-10-19
11.390571,85.297684,16.338,15.550,15.391,1999-10-19
11.424654,85.259804,15.579,15.055,14.936,1999-10-19
11.396863,85.284485,13.732,13.357,13.315,1999-10-19
11.404060,85.252342,11.709,11.149,11.024,1999-10-19
11.420832,85.254341,16.198,15.670,15.199,1999-10-19
11.399055,85.289688,15.378,15.144,15.028,1999-10-19
11.485239,85.254982,16.153,15.365,15.580,1999-10-19
11.486462,85.291565,13.164,12.921,12.891,1999-10-19
11.479486,85.250809,15.547,15.041,15.257,1999-10-19
11.482247,85.258980,13.673,13.286,13.203,1999-10-19
11.440670,85.303452,15.147,14.759,14.899,1999-10-19
11.463313,85.302284,10.208,9.549,9.429,1999-10-19
11.536510,85.287910,15.075,14.700,14.653,1999-10-19
11.527493,85.275742,14.900,14.449,14.427,1999-10-19
11.511306,85.259911,16.171,15.394,15.743,1999-10-19
11.513896,85.282387,13.814,13.564,13.455,1999-10-19
11.557145,85.302986,15.393,14.586,14.453,1999-10-19
11.505951,85.304924,13.796,13.499,13.405,1999-10-19
11.554143,85.302773,14.910,15.131,14.725,1999-10-19
11.531496,85.311935,15.990,15.827,15.458,1999-10-19
11.581271,85.256531,14.437,14.068,14.047,1999-10-19
11.620527,85.270340,14.080,13.679,13.632,1999-10-19
11.596153,85.287048,13.857,13.661,13.554,1999-10-19
11.570554,85.291618,15.409,15.030,15.132,1999-10-19
11.618914,85.266106,14.891,14.539,14.515,1999-10-19
11.686284,85.282440,13.983,13.742,13.567,1999-10-19
11.660667,85.272469,13.965,13.670,13.586,1999-10-19
11.667234,85.276260,15.300,14.918,14.718,1999-10-19
11.684019,85.286446,15.989,15.601,15.333,1999-10-19
11.679996,85.268242,13.986,13.695,13.638,1999-10-19
11.672492,85.263725,16.449,15.905,15.812,1999-10-19
11.648948,85.288452,15.634,15.207,14.843,1999-10-19
11.675285,85.303894,15.499,15.128,14.901,1999-10-19
11.672316,85.254417,16.501,15.529,15.511,1999-10-19
11.692764,85.277046,14.613,14.143,14.014,1999-10-19
11.721192,85.276566,16.148,15.684,15.500,1999-10-19
11.708351,85.285126,13.384,12.934,12.842,1999-10-19
11.720471,85.295517,14.499,14.099,14.168,1999-10-19
11.726202,85.292152,15.840,15.211,15.425,1999-10-19
11.724702,85.278900,15.865,15.303,15.216,1999-10-19
11.733244,85.268028,15.612,15.182,14.986,1999-10-19
11.725052,85.304886,15.180,14.630,14.427,1999-10-19
11.732416,85.263550,15.302,14.929,14.847,1999-10-19
11.709568,85.261459,14.580,14.192,14.172,1999-10-19
11.753077,85.278221,14.598,14.339,14.174,1999-10-19
11.783090,85.283394,15.353,14.772,14.555,1999-10-19
11.811449,85.303719,15.656,15.118,15.218,1999-10-19
11.766054,85.257668,12.663,12.195,12.110,1999-10-19
11.777350,85.262817,15.291,14.868,14.729,1999-10-19
11.787221,85.295761,15.858,15.296,15.210,1999-10-19
11.767941,85.250404,15.082,14.607,14.538,1999-10-19
11.805901,85.277748,13.349,13.157,13.051,1999-10-19
11.799864,85.264931,16.188,15.578,15.420,1999-10-19
11.808792,85.274094,15.603,15.126,15.033,1999-10-19
11.768844,85.275955,13.350,13.049,12.967,1999-10-19
11.811430,85.263962,13.702,13.406,13.275,1999-10-19
11.831674,85.293304,13.684,13.360,13.214,1999-10-19
11.872561,85.312057,15.499,15.030,15.012,1999-10-19
11.834465,85.259285,14.209,13.911,13.837,1999-10-19
11.858983,85.282104,14.999,14.619,14.415,1999-10-19
11.818420,85.259819,14.524,14.212,14.111,1999-10-19
11.852485,85.296066,14.683,14.286,14.426,1999-10-19
11.824775,85.253426,13.865,13.553,13.533,1999-10-19
11.907327,85.269623,15.621,14.970,14.828,1999-10-19
11.907925,85.253815,13.495,13.161,13.111,1999-10-19
11.925785,85.255257,18.246,15.402,16.937,1999-10-19
11.922535,85.294762,15.227,15.139,14.778,1999-10-19
11.933011,85.258774,14.265,13.976,13.849,1999-10-19
11.892162,85.261093,15.652,15.188,15.235,1999-10-19
11.903624,85.276222,13.706,13.331,13.280,1999-10-19
11.888029,85.298904,15.870,15.028,15.177,1999-10-19
11.877102,85.254166,14.453,14.117,14.025,1999-10-19
11.935871,85.260292,15.322,15.016,14.890,1999-10-19
11.893621,85.264030,14.260,13.960,13.843,1999-10-19
11.889142,85.273384,15.373,14.822,14.690,1999-10-19
11.960625,85.261902,13.931,13.656,13.517,1999-10-19
11.965804,85.273766,14.756,14.464,14.363,1999-10-19
11.964919,85.252510,13.060,12.861,12.866,1999-10-19
11.971949,85.250557,13.584,13.165,13.135,1999-10-19
11.959641,85.274788,16.015,15.397,14.656,1999-10-19
11.980824,85.301346,15.773,15.241,14.857,1999-10-19
12.054735,85.256264,16.662,16.070,16.962,1999-10-19
12.045700,85.284225,16.045,15.537,15.146,1999-10-19
12.068701,85.279472,13.951,13.592,13.426,1999-10-19
12.092541,85.297928,14.707,14.314,14.225,1999-10-19
12.097998,85.254395,14.108,13.719,13.558,1999-10-19
12.093747,85.265213,14.442,13.836,13.834,1999-10-19
12.077593,85.292534,15.204,14.782,14.684,1999-10-19
12.074666,85.278091,14.998,14.566,14.470,1999-10-19
12.081261,85.311394,13.528,13.198,13.085,1999-10-19
12.184110,85.310493,15.291,14.764,14.673,1999-10-19
12.147034,85.254715,15.170,14.733,14.925,1999-10-19
12.128387,85.260750,13.654,13.240,13.198,1999-10-19
12.186498,85.295166,14.302,14.035,13.931,1999-10-19
12.220338,85.262108,15.868,15.173,15.101,1999-10-19
12.190001,85.269768,14.812,14.376,14.441,1999-10-19
12.193740,85.290901,13.280,13.075,12.991,1999-10-19
12.244226,85.266434,14.974,14.602,14.485,1999-10-19
12.229230,85.286842,15.300,14.863,15.065,1999-10-19
12.296940,85.253296,15.230,14.994,14.771,1999-10-19
12.310765,85.253960,15.602,14.998,14.647,1999-10-19
12.272256,85.292229,16.739,16.598,16.966,1999-10-19
12.293726,85.282486,15.375,15.188,15.006,1999-10-19
12.292328,85.260620,16.031,15.420,15.383,1999-10-19
12.273139,85.270584,13.927,13.604,13.539,1999-10-19
12.264175,85.256981,12.477,12.315,12.252,1999-10-19
12.252639,85.273544,13.819,13.508,13.408,1999-10-19
12.353551,85.309525,16.630,15.774,14.901,1999-10-19
12.335037,85.310799,11.149,10.821,10.757,1999-10-19
12.326587,85.281258,15.091,14.784,14.782,1999-10-19
12.350907,85.269264,15.846,15.258,15.223,1999-10-19
12.351242,85.264717,12.878,12.278,12.114,1999-10-19
12.340406,85.274780,15.899,15.562,15.511,1999-10-19
12.348311,85.287483,14.652,14.409,14.222,1999-10-19
12.322516,85.285149,13.630,13.264,13.247,1999-10-19
12.320424,85.266342,16.157,15.486,15.359,1999-10-19
12.387589,85.254623,12.538,12.084,11.976,1999-10-19
12.386231,85.257462,16.344,15.765,15.545,1999-10-19
12.404804,85.256348,15.284,14.893,14.824,1999-10-19
12.412023,85.251625,14.815,14.370,14.263,1999-10-19
12.419418,85.271675,14.341,13.999,13.892,1999-10-19
12.404300,85.277443,13.812,13.450,13.341,1999-10-19
12.472720,85.294975,13.622,13.296,13.235,1999-10-19
12.557658,85.259567,15.293,14.868,14.863,1999-10-19
12.558782,85.291573,16.526,15.320,15.325,1999-10-19
12.560044,85.274162,15.770,15.303,15.275,1999-10-19
12.571030,85.259933,16.767,15.820,15.419,1999-10-19
12.576516,85.268974,14.856,14.559,14.392,1999-10-19
12.600924,85.294449,16.189,15.605,15.214,1999-10-19
12.615347,85.252350,14.123,13.715,13.616,1999-10-19
12.683780,85.252769,15.432,14.880,14.703,1999-10-19
12.683787,85.295227,10.271,9.780,9.701,1999-10-19
12.641603,85.269516,14.896,14.507,14.502,1999-10-19
12.693107,85.276024,14.529,14.207,14.266,1999-10-19
12.703512,85.304253,13.590,13.240,13.295,1999-10-19
12.741135,85.262154,16.363,15.962,15.733,1999-10-19
12.716454,85.270744,16.069,14.183,14.134,1999-10-19
12.735502,85.292953,12.124,11.877,11.755,1999-10-19
12.708301,85.269897,14.130,13.654,13.610,1999-10-19
12.785902,85.278084,14.909,14.435,14.313,1999-10-19
12.769845,85.274467,15.877,15.315,15.289,1999-10-19
12.768941,85.251671,14.701,14.319,14.242,1999-10-19
12.774713,85.288666,15.254,14.537,14.403,1999-10-19
12.780284,85.287231,13.094,12.565,12.297,1999-10-19
12.784484,85.270676,16.124,15.504,14.893,1999-10-19
12.790608,85.275681,14.032,13.733,13.654,1999-10-19
12.795056,85.255386,15.680,15.188,15.195,1999-10-19
12.819571,85.306465,15.141,14.746,14.704,1999-10-19
12.851397,85.276787,16.567,15.800,16.997,1999-10-19
12.851045,85.300926,11.439,10.901,10.777,1999-10-19
12.827528,85.295692,13.428,13.040,12.891,1999-10-19
12.917936,85.271637,16.688,16.449,16.067,1999-10-19
12.910285,85.265320,14.847,14.577,14.346,1999-10-19
12.997837,85.264267,13.977,13.681,13.560,1999-10-19
12.952909,85.277878,15.994,15.371,15.468,1999-10-19
12.980203,85.271988,10.920,10.452,10.382,1999-10-19
12.943972,85.259666,16.796,15.881,15.349,1999-10-19
13.036412,85.288612,12.408,11.757,11.616,1999-10-19
13.008164,85.305672,16.320,15.566,15.334,1999-10-19
13.007845,85.294189,14.698,14.369,14.354,1999-10-19
13.006725,85.259865,13.570,13.226,13.122,1999-10-19
13.059082,85.286613,11.347,10.844,10.759,1999-10-19
13.107996,85.257751,12.410,12.216,12.153,1999-10-19
13.077333,85.308502,15.107,14.647,14.822,1999-10-19
13.133694,85.277054,15.394,14.777,14.558,1999-10-19
13.139024,85.265076,16.263,15.732,16.138,1999-10-19
13.150814,85.278145,15.918,15.352,15.331,1999-10-19
13.167647,85.293381,16.067,15.451,15.410,1999-10-19
13.234258,85.300934,16.538,16.292,15.214,1999-10-19
13.232954,85.272926,15.056,14.750,14.629,1999-10-19
13.223557,85.283569,14.617,14.290,14.175,1999-10-19
13.329219,85.303703,14.931,14.657,14.614,1999-10-19
13.360029,85.298622,15.063,14.580,14.457,1999-10-19
13.350847,85.293213,16.498,15.685,15.324,1999-10-19
13.313840,85.311852,16.142,15.838,15.596,1999-10-19
13.327347,85.298134,15.877,15.432,15.180,1999-10-19
13.325266,85.259773,14.915,14.635,14.573,1999-10-19
13.322818,85.261658,15.896,15.449,15.593,1999-10-19
13.389442,85.264091,15.805,15.239,13.840,1999-10-19
13.401046,85.264694,13.714,13.387,13.360,1999-10-19
13.407507,85.280815,15.310,14.878,14.853,1999-10-19
13.463121,85.290276,13.426,12.978,12.949,1999-10-19
13.478845,85.290123,14.285,13.963,13.867,1999-10-19
13.437854,85.282066,15.658,14.956,14.696,1999-10-19
13.452769,85.261650,15.221,14.595,14.519,1999-10-19
13.548448,85.299530,14.611,14.205,14.165,1999-10-19
13.525156,85.296867,16.595,15.665,15.301,1999-10-19
13.525387,85.293098,16.061,15.533,15.348,1999-10-19
13.548027,85.256439,10.388,9.798,9.696,1999-10-19
13.549759,85.291733,16.593,15.736,15.877,1999-10-19
13.575655,85.281349,16.041,15.346,15.065,1999-10-19
13.574557,85.304771,13.454,13.129,13.033,1999-10-19
13.596607,85.288696,13.446,12.923,12.842,1999-10-19
13.611257,85.280769,15.292,14.744,14.472,1999-10-19
13.646485,85.285797,15.043,14.636,14.655,1999-10-19
13.728830,85.266960,13.813,13.516,13.435,1999-10-19
13.722199,85.272202,16.757,15.563,15.899,1999-10-19
13.710027,85.261391,14.780,14.524,14.260,1999-10-19
13.779065,85.271759,15.492,15.068,15.157,1999-10-19
13.806378,85.251678,16.735,16.354,15.786,1999-10-19
13.767615,85.308571,14.692,14.337,14.267,1999-10-19
13.853453,85.267883,16.761,16.883,15.274,1999-10-19
13.825746,85.293686,14.224,13.894,13.810,1999-10-19
13.816115,85.307060,15.762,15.515,15.320,1999-10-19
13.837968,85.259483,16.264,15.872,15.416,1999-10-19
13.867167,85.307640,14.633,14.305,14.261,1999-10-19
13.896083,85.287849,15.149,14.891,14.892,1999-10-19
13.936634,85.301964,16.709,16.079,14.963,1999-10-19
13.915723,85.280052,12.973,12.651,12.598,1999-10-19
13.916057,85.283066,14.480,14.105,14.108,1999-10-19
13.971206,85.272591,16.537,16.144,15.700,1999-10-19
14.041331,85.305183,14.245,13.923,13.834,1999-10-19
14.052714,85.250977,15.031,14.730,14.763,1999-10-19
14.097252,85.302048,7.055,6.634,6.491,1999-10-19
14.102352,85.264435,14.704,14.304,14.442,1999-10-19
14.075881,85.274902,15.060,15.023,14.272,1999-10-19
14.071735,85.274841,15.234,14.429,14.760,1999-10-19
14.125309,85.277985,16.012,15.515,15.415,1999-10-19
14.217097,85.290741,16.315,15.702,15.923,1999-10-19
14.232576,85.279739,16.320,16.326,15.552,1999-10-19
14.269774,85.306168,14.243,13.942,13.970,1999-10-19
14.308467,85.308144,16.489,15.732,15.557,1999-10-19
14.338183,85.279068,13.883,13.315,13.071,1999-10-19
14.369155,85.284821,14.712,14.334,14.286,1999-10-19
14.430107,85.278740,15.091,14.818,14.530,1999-10-19
14.447344,85.307755,16.302,15.684,15.688,1999-10-19
14.450799,85.306038,15.832,15.422,15.324,1999-10-19
14.461441,85.283241,14.595,13.992,13.717,1999-10-19
14.569298,85.300468,12.756,12.533,12.448,1999-10-19
14.665220,85.288094,15.215,14.809,14.669,1999-10-19
14.737133,85.281960,12.820,12.555,12.523,1999-10-19
14.704300,85.295082,16.153,15.631,15.374,1999-10-19
14.798555,85.275681,16.621,16.241,16.989,1999-10-19
14.834643,85.282486,12.988,12.791,12.741,1999-10-19
14.929232,85.297302,12.632,12.205,12.202,1999-10-19
14.938644,85.264786,16.390,15.784,15.891,1999-10-19
10.037879,85.374046,16.218,15.781,15.739,1999-10-19
10.034014,85.324890,16.638,15.749,15.541,1999-10-19
10.036727,85.366142,12.672,12.107,12.045,1999-10-19
10.077778,85.363823,15.860,15.347,15.526,1999-10-19
10.099550,85.332489,16.279,15.771,15.023,1999-10-19
10.145521,85.322365,14.865,14.451,14.292,1999-10-19
10.136506,85.314514,16.509,16.027,15.545,1999-10-19
10.143933,85.365944,15.287,14.746,14.836,1999-10-19
10.145905,85.339081,16.175,15.545,15.547,1999-10-19
10.166708,85.315575,15.403,14.922,14.708,1999-10-19
10.244697,85.367958,14.312,13.820,13.709,1999-10-19
10.305615,85.350533,16.260,15.881,15.573,1999-10-19
10.270042,85.372971,14.875,14.473,14.445,1999-10-19
10.287237,85.353020,16.179,15.588,15.303,1999-10-19
10.297369,85.317558,16.630,15.782,16.605,1999-10-19
10.284813,85.312798,16.230,15.743,15.649,1999-10-19
10.286028,85.314583,17.218,15.681,16.656,1999-10-19
10.353490,85.340965,16.074,15.667,15.402,1999-10-19
10.326104,85.315529,16.549,15.900,15.703,1999-10-19
10.360084,85.353188,15.452,15.108,14.898,1999-10-19
10.334528,85.370049,16.621,15.884,15.652,1999-10-19
10.329220,85.320183,14.735,14.183,14.056,1999-10-19
10.351330,85.313301,13.668,13.288,13.231,1999-10-19
10.367170,85.316223,15.886,15.668,15.343,1999-10-19
10.432708,85.360626,15.087,14.580,14.329,1999-10-19
10.398629,85.351334,14.521,14.194,14.235,1999-10-19
10.447936,85.324455,16.072,15.686,15.592,1999-10-19
10.447144,85.344337,14.869,14.356,14.220,1999-10-19
10.459287,85.320625,14.582,14.317,14.211,1999-10-19
10.513466,85.347008,7.064,6.387,6.130,1999-10-19
10.526086,85.321487,16.617,15.826,15.803,1999-10-19
10.530318,85.333405,15.933,15.508,15.539,1999-10-19
10.616015,85.354233,16.565,16.219,15.491,1999-10-19
10.596516,85.342667,12.072,11.526,11.496,1999-10-19
10.681845,85.368561,16.788,16.126,15.541,1999-10-19
10.678760,85.374229,15.575,15.272,15.412,1999-10-19
10.725608,85.340218,15.009,14.729,14.627,1999-10-19
10.736083,85.328445,16.543,16.080,15.678,1999-10-19
10.744562,85.318565,14.549,14.292,14.174,1999-10-19
10.849840,85.342384,14.031,13.672,13.631,1999-10-19
10.874889,85.330788,11.645,11.352,11.336,1999-10-19
10.842107,85.373276,15.209,14.733,14.865,1999-10-19
10.889271,85.340813,15.130,14.870,14.676,1999-10-19
10.915453,85.331093,16.658,16.084,16.757,1999-10-19
10.930684,85.319069,15.929,15.341,15.142,1999-10-19
10.948801,85.328331,15.902,15.630,15.757,1999-10-19
10.955492,85.372940,11.100,10.773,10.705,1999-10-19
10.966871,85.355247,15.747,15.015,15.159,1999-10-19
11.037232,85.362198,16.639,16.297,15.875,1999-10-19
11.016544,85.314781,16.439,15.737,15.598,1999-10-19
11.006141,85.332298,14.693,14.441,14.334,1999-10-19
11.024747,85.348793,15.913,15.341,15.101,1999-10-19
11.124696,85.348511,14.524,14.106,13.985,1999-10-19
11.075912,85.313942,16.405,15.962,15.954,1999-10-19
11.103806,85.344002,14.475,14.144,14.060,1999-10-19
11.099230,85.328300,13.822,13.636,13.525,1999-10-19
11.077961,85.318413,16.639,15.969,15.581,1999-10-19
11.186572,85.314972,13.966,13.613,13.576,1999-10-19
11.183833,85.332527,16.017,15.400,15.294,1999-10-19
11.151436,85.352730,13.644,13.260,13.200,1999-10-19
11.134393,85.343704,16.620,16.095,15.766,1999-10-19
11.199261,85.340904,15.884,15.120,15.273,1999-10-19
11.273980,85.327003,16.008,15.235,15.582,1999-10-19
11.346093,85.330910,16.239,15.935,15.519,1999-10-19
11.322332,85.318527,16.074,15.508,15.402,1999-10-19
11.326757,85.345734,14.777,14.528,14.351,1999-10-19
11.326634,85.322159,12.863,12.665,12.584,1999-10-19
11.315859,85.369125,14.904,14.522,14.676,1999-10-19
11.376389,85.373138,14.447,14.111,14.083,1999-10-19
11.415799,85.369255,15.572,15.102,14.984,1999-10-19
11.416944,85.336525,16.540,15.826,15.825,1999-10-19
11.474415,85.331993,8.489,7.847,7.702,1999-10-19
11.453289,85.342361,16.347,15.545,15.522,1999-10-19
11.464335,85.357971,13.900,13.597,13.497,1999-10-19
11.561964,85.327988,15.680,15.217,14.776,1999-10-19
11.557609,85.356926,16.002,15.656,15.426,1999-10-19
11.558350,85.336243,13.961,13.627,13.527,1999-10-19
11.516668,85.333900,15.567,15.356,15.679,1999-10-19
11.540014,85.345642,14.850,14.513,14.390,1999-10-19
11.538759,85.315353,16.382,16.024,15.840,1999-10-19
11.507594,85.326927,14.570,14.225,14.085,1999-10-19
11.621849,85.334869,16.712,15.443,15.658,1999-10-19
11.620628,85.356720,16.199,15.610,15.846,1999-10-19
11.606392,85.356659,15.702,15.187,14.890,1999-10-19
11.618993,85.317474,16.712,15.883,15.462,1999-10-19
11.582542,85.335724,10.385,9.816,9.674,1999-10-19
11.581147,85.327309,12.881,12.410,12.266,1999-10-19
11.672953,85.370720,13.958,13.364,13.223,1999-10-19
11.656274,85.358627,15.274,15.023,15.141,1999-10-19
11.646790,85.325569,14.382,14.107,14.013,1999-10-19
11.641558,85.320770,16.724,15.718,16.881,1999-10-19
11.630529,85.333168,16.501,16.055,15.202,1999-10-19
11.724920,85.362091,15.242,14.776,14.523,1999-10-19
11.719693,85.337395,15.827,15.674,15.246,1999-10-19
11.703742,85.316353,15.946,15.528,15.118,1999-10-19
11.695133,85.373894,13.440,13.083,13.049,1999-10-19
11.694700,85.350769,13.769,13.468,13.382,1999-10-19
11.689189,85.333771,15.805,15.467,15.183,1999-10-19
11.775278,85.356941,16.290,15.386,15.422,1999-10-19
11.798404,85.348267,11.106,10.764,10.709,1999-10-19
11.799330,85.345688,16.572,15.634,15.574,1999-10-19
11.826994,85.329346,10.908,10.289,10.187,1999-10-19
11.817841,85.363884,15.878,15.298,15.361,1999-10-19
11.846397,85.331795,14.957,14.433,14.051,1999-10-19
11.867674,85.328033,14.360,13.965,13.978,1999-10-19
11.851845,85.330467,13.526,13.162,13.096,1999-10-19
11.858148,85.316971,16.363,15.788,15.097,1999-10-19
11.922701,85.355629,14.363,14.172,14.165,1999-10-19
11.925376,85.359444,16.532,15.674,15.406,1999-10-19
11.918105,85.333519,15.385,14.978,14.765,1999-10-19
11.916567,85.316818,15.830,15.511,15.195,1999-10-19
11.878101,85.359131,14.001,13.702,13.592,1999-10-19
11.967722,85.318932,16.428,16.084,15.661,1999-10-19
12.041790,85.321716,15.346,14.835,14.606,1999-10-19
12.059171,85.318542,15.673,15.186,14.968,1999-10-19
12.021048,85.361870,14.482,13.850,13.759,1999-10-19
12.008716,85.323479,15.147,14.758,14.623,1999-10-19
12.004166,85.360992,15.088,14.743,14.473,1999-10-19
12.115217,85.334290,15.232,14.715,14.598,1999-10-19
12.121807,85.342392,12.085,11.820,11.812,1999-10-19
12.178159,85.325829,16.272,15.911,15.624,1999-10-19
12.152270,85.334961,15.954,15.328,15.022,1999-10-19
12.148626,85.355194,13.960,13.686,13.526,1999-10-19
12.188432,85.352295,16.272,15.496,15.082,1999-10-19
12.205184,85.323166,16.640,15.937,15.830,1999-10-19
12.223595,85.331436,14.509,14.196,14.166,1999-10-19
12.240174,85.366249,14.632,14.228,14.151,1999-10-19
12.299075,85.334000,14.832,14.570,14.417,1999-10-19
12.289380,85.372086,16.674,15.847,15.874,1999-10-19
12.257151,85.348190,16.458,15.882,15.576,1999-10-19
12.277453,85.343117,16.243,15.639,15.325,1999-10-19
12.254593,85.365997,16.045,14.804,14.509,1999-10-19
12.342743,85.326324,15.313,14.967,14.957,1999-10-19
12.312534,85.321365,16.193,15.661,15.512,1999-10-19
12.340828,85.342659,14.067,13.710,13.635,1999-10-19
12.313321,85.347816,15.080,14.664,14.836,1999-10-19
12.396780,85.334457,16.091,15.517,15.220,1999-10-19
12.431273,85.322266,15.333,14.813,14.693,1999-10-19
12.436568,85.365219,15.183,14.939,14.825,1999-10-19
12.375192,85.342117,16.791,15.760,15.442,1999-10-19
12.493156,85.357941,16.328,15.885,15.574,1999-10-19
12.486748,85.347458,14.419,14.069,13.939,1999-10-19
12.484481,85.319870,12.041,11.789,11.725,1999-10-19
12.445323,85.342102,13.605,13.252,13.171,1999-10-19
12.516538,85.318588,16.333,15.291,15.214,1999-10-19
12.535682,85.370163,16.124,15.835,15.583,1999-10-19
12.511782,85.356369,14.165,13.764,13.741,1999-10-19
12.500479,85.323723,12.746,12.365,12.235,1999-10-19
12.500009,85.328583,16.525,16.061,17.027,1999-10-19
12.577586,85.366203,15.581,15.015,14.930,1999-10-19
12.613055,85.369743,16.233,15.533,15.503,1999-10-19
12.682809,85.351891,12.262,11.903,11.812,1999-10-19
12.672539,85.323883,14.406,14.138,14.012,1999-10-19
12.685695,85.327042,16.595,16.138,15.390,1999-10-19
12.642624,85.336472,15.593,15.026,15.120,1999-10-19
12.749801,85.352692,13.811,13.605,13.368,1999-10-19
12.751273,85.326454,14.833,14.654,14.398,1999-10-19
12.796787,85.321480,16.134,15.491,15.281,1999-10-19
12.795193,85.340065,13.898,13.289,13.093,1999-10-19
12.863274,85.329201,15.566,15.095,14.951,1999-10-19
12.926002,85.337379,14.928,14.624,14.770,1999-10-19
12.916914,85.334480,16.294,16.207,15.527,1999-10-19
12.875747,85.335571,14.276,14.033,13.938,1999-10-19
12.917856,85.357735,13.970,13.687,13.675,1999-10-19
12.942408,85.365166,16.323,15.658,15.511,1999-10-19
13.036510,85.318298,15.811,15.282,15.100,1999-10-19
13.035234,85.332596,10.872,10.163,9.998,1999-10-19
13.058588,85.343742,13.473,12.969,12.860,1999-10-19
13.076126,85.369263,16.371,15.650,14.812,1999-10-19
13.106305,85.324310,13.583,13.320,13.245,1999-10-19
13.164877,85.362144,13.469,13.056,13.004,1999-10-19
13.169170,85.356316,13.722,13.392,13.379,1999-10-19
13.190426,85.354034,16.017,15.725,15.697,1999-10-19
13.190660,85.362877,16.334,15.671,15.684,1999-10-19
13.260245,85.323769,15.941,15.716,15.998,1999-10-19
13.255217,85.355232,14.696,14.578,14.554,1999-10-19
13.342901,85.368500,15.062,14.792,14.718,1999-10-19
13.342812,85.340820,14.401,13.909,13.876,1999-10-19
13.398837,85.349541,10.823,10.237,10.107,1999-10-19
13.433870,85.318336,14.351,13.994,13.913,1999-10-19
13.399298,85.316765,11.583,11.344,11.270,1999-10-19
13.391947,85.351250,16.605,15.894,13.928,1999-10-19
13.417174,85.314552,13.604,13.144,13.017,1999-10-19
13.441914,85.340286,16.367,15.729,15.396,1999-10-19
13.502621,85.325500,13.826,13.175,12.916,1999-10-19
13.514039,85.370415,16.427,16.298,16.062,1999-10-19
13.600630,85.371437,16.055,15.435,15.405,1999-10-19
13.582086,85.353622,13.940,13.444,13.391,1999-10-19
13.606173,85.362358,16.464,16.078,15.409,1999-10-19
13.667746,85.353668,15.879,15.282,15.059,1999-10-19
13.808209,85.354027,15.377,15.162,14.956,1999-10-19
13.760058,85.354698,16.198,15.684,15.555,1999-10-19
13.766708,85.314217,15.527,14.854,14.935,1999-10-19
13.768605,85.349892,15.328,14.699,14.630,1999-10-19
13.871519,85.324936,15.935,15.218,15.234,1999-10-19
13.824432,85.360176,16.461,15.482,15.560,1999-10-19
13.853463,85.365387,15.749,15.190,15.255,1999-10-19
13.813367,85.340019,15.255,14.855,14.582,1999-10-19
13.933275,85.353104,16.791,16.239,15.693,1999-10-19
13.903818,85.350777,14.266,13.830,13.720,1999-10-19
13.903570,85.364189,16.505,15.802,16.082,1999-10-19
13.964714,85.335121,16.244,15.498,15.265,1999-10-19
13.971674,85.348381,15.914,15.724,15.312,1999-10-19
13.993129,85.334518,16.852,15.991,15.688,1999-10-19
14.017120,85.332024,16.048,15.465,15.652,1999-10-19
14.170601,85.363167,15.385,15.026,14.832,1999-10-19
14.218270,85.360901,16.004,15.564,15.531,1999-10-19
14.220249,85.347420,15.596,15.416,15.539,1999-10-19
14.300317,85.335396,17.015,16.119,16.000,1999-10-19
14.372024,85.319656,15.814,15.091,15.151,1999-10-19
14.323547,85.351967,16.684,16.157,15.686,1999-10-19
14.358873,85.343338,13.843,13.602,13.518,1999-10-19
14.435425,85.352577,14.131,13.929,13.807,1999-10-19
14.379373,85.332077,15.707,15.216,15.506,1999-10-19
14.518301,85.340889,14.569,13.838,13.740,1999-10-19
14.622171,85.326508,15.929,15.349,15.017,1999-10-19
14.612000,85.352737,12.939,12.707,12.671,1999-10-19
14.569063,85.369507,15.131,14.686,14.633,1999-10-19
14.701252,85.352959,15.862,14.913,14.794,1999-10-19
14.841675,85.359756,15.213,14.543,14.195,1999-10-19
14.819920,85.339233,14.651,14.395,14.415,1999-10-19
14.924418,85.359200,15.074,14.475,14.199,1999-10-19
10.043166,85.423553,15.412,15.024,15.144,1999-10-19
10.055474,85.411102,13.698,13.411,13.384,1999-10-19
10.029767,85.387161,15.246,14.927,14.788,1999-10-19
10.154756,85.408615,16.515,16.241,15.617,1999-10-19
10.210408,85.390213,15.918,15.334,15.087,1999-10-19
10.295185,85.436195,16.482,15.914,16.851,1999-10-19
10.261768,85.411942,14.213,13.840,13.708,1999-10-19
10.314501,85.377281,16.148,15.475,15.295,1999-10-19
10.353757,85.376907,16.337,15.745,15.594,1999-10-19
10.393174,85.420364,16.632,15.532,15.924,1999-10-19
10.405304,85.409081,16.601,16.315,15.489,1999-10-19
10.496343,85.395317,16.390,15.893,15.180,1999-10-19
10.489963,85.433601,16.692,15.875,16.527,1999-10-19
10.461850,85.400711,15.019,14.534,14.372,1999-10-19
10.549751,85.398804,16.454,16.173,15.535,1999-10-19
10.548057,85.422745,15.465,15.087,14.904,1999-10-19
10.514486,85.381126,11.194,10.662,10.577,1999-10-19
10.617278,85.431274,16.088,15.358,15.262,1999-10-19
10.572575,85.427673,15.566,14.905,14.975,1999-10-19
10.628928,85.419746,13.288,13.024,13.058,1999-10-19
10.661757,85.392563,15.125,14.736,14.520,1999-10-19
10.651770,85.386040,15.723,15.196,15.302,1999-10-19
10.727061,85.395615,15.961,15.327,15.110,1999-10-19
10.690442,85.431236,14.329,13.646,13.517,1999-10-19
10.781091,85.380226,15.186,14.894,14.776,1999-10-19
10.779504,85.392700,14.860,14.387,14.302,1999-10-19
10.867232,85.436394,14.383,14.030,14.041,1999-10-19
10.833403,85.385910,15.613,14.961,14.834,1999-10-19
10.825190,85.383957,13.541,13.191,13.166,1999-10-19
10.923315,85.407494,13.914,13.512,13.532,1999-10-19
10.885523,85.418045,14.117,13.874,13.748,1999-10-19
10.978759,85.434853,15.932,15.360,15.207,1999-10-19
10.940149,85.407974,16.497,16.117,14.768,1999-10-19
11.059902,85.423103,16.398,15.622,15.676,1999-10-19
11.013112,85.397369,14.784,14.342,14.344,1999-10-19
11.019800,85.415146,16.045,15.422,15.430,1999-10-19
11.103082,85.417809,15.705,15.030,14.721,1999-10-19
11.065275,85.400581,14.773,14.580,14.270,1999-10-19
11.085399,85.419426,10.960,10.295,10.102,1999-10-19
11.188407,85.426323,12.332,12.107,12.042,1999-10-19
11.206059,85.434380,15.227,14.755,14.767,1999-10-19
11.293724,85.413933,15.183,14.644,14.614,1999-10-19
11.347158,85.399864,16.686,16.120,15.109,1999-10-19
11.418043,85.377686,16.219,15.316,15.443,1999-10-19
11.435682,85.410370,14.440,14.146,14.119,1999-10-19
11.476030,85.397507,16.102,15.535,15.781,1999-10-19
11.545005,85.407822,13.962,13.653,13.494,1999-10-19
11.618709,85.379570,15.703,15.122,15.250,1999-10-19
11.619844,85.405212,15.558,15.052,15.200,1999-10-19
11.567606,85.434837,14.486,14.221,14.107,1999-10-19
11.582755,85.383591,13.187,12.823,12.747,1999-10-19
11.660956,85.381927,14.551,14.154,14.065,1999-10-19
11.663362,85.392685,9.292,8.597,8.441,1999-10-19
11.684903,85.407745,16.614,16.760,15.901,1999-10-19
11.785889,85.435547,15.861,15.612,15.562,1999-10-19
11.803527,85.429916,15.922,15.629,15.607,1999-10-19
11.764148,85.427483,15.951,15.431,15.410,1999-10-19
11.757340,85.424049,16.214,15.925,15.395,1999-10-19
11.750998,85.396744,11.666,11.268,11.214,1999-10-19
11.791597,85.378914,15.532,15.178,15.045,1999-10-19
11.873999,85.403915,10.783,10.210,10.114,1999-10-19
11.842824,85.385208,15.856,15.071,15.079,1999-10-19
11.864230,85.416412,15.208,14.571,14.472,1999-10-19
11.918711,85.386040,15.023,14.806,14.851,1999-10-19
11.913244,85.402817,11.767,11.611,11.549,1999-10-19
11.914415,85.406090,14.627,14.345,14.177,1999-10-19
11.898912,85.429993,14.976,14.714,14.747,1999-10-19
11.958428,85.381996,16.534,15.809,14.894,1999-10-19
11.984495,85.394226,15.849,15.293,15.290,1999-10-19
11.941054,85.375954,15.287,14.926,14.873,1999-10-19
11.967818,85.416573,11.125,10.887,10.837,1999-10-19
12.016100,85.384750,14.990,14.601,14.660,1999-10-19
12.014078,85.392723,16.497,15.554,15.608,1999-10-19
12.006416,85.397545,16.687,15.817,15.748,1999-10-19
12.003156,85.378685,16.193,15.572,15.679,1999-10-19
12.080393,85.376862,15.915,15.690,15.244,1999-10-19
12.095477,85.384064,15.812,15.024,14.929,1999-10-19
12.143199,85.416405,14.171,13.506,13.305,1999-10-19
12.137020,85.386734,13.710,13.372,13.408,1999-10-19
12.143999,85.395538,16.503,15.329,15.415,1999-10-19
12.178061,85.394791,14.015,13.751,13.681,1999-10-19
12.249890,85.416405,16.665,15.879,15.087,1999-10-19
12.244534,85.434273,16.573,15.923,15.321,1999-10-19
12.203882,85.381165,10.802,10.222,10.059,1999-10-19
12.210137,85.416130,14.822,14.302,14.228,1999-10-19
12.224689,85.396912,15.309,14.982,14.927,1999-10-19
12.294572,85.421799,15.531,15.031,14.662,1999-10-19
12.273353,85.435493,10.594,9.956,9.825,1999-10-19
12.293239,85.414200,15.312,14.827,14.706,1999-10-19
12.311310,85.386131,14.628,14.392,14.224,1999-10-19
12.326137,85.437164,13.386,12.819,12.719,1999-10-19
12.332148,85.385414,13.713,13.421,13.437,1999-10-19
12.338724,85.400719,16.716,16.035,16.438,1999-10-19
12.379425,85.376556,14.288,13.704,13.626,1999-10-19
12.398861,85.430756,14.505,14.087,14.079,1999-10-19
12.443789,85.437126,15.917,15.489,15.272,1999-10-19
12.460508,85.412148,12.517,12.215,12.137,1999-10-19
12.468789,85.418762,13.800,13.468,13.431,1999-10-19
12.480057,85.429581,14.310,13.987,13.874,1999-10-19
12.508460,85.390640,16.530,15.977,15.018,1999-10-19
12.532205,85.394989,14.347,14.088,13.900,1999-10-19
12.562211,85.393097,16.410,15.894,16.462,1999-10-19
12.511412,85.382736,16.623,16.089,17.103,1999-10-19
12.619598,85.433800,16.114,15.648,15.339,1999-10-19
12.589594,85.396721,15.581,15.085,14.706,1999-10-19
12.656060,85.398117,14.809,14.449,14.338,1999-10-19
12.645267,85.408173,16.613,15.848,15.436,1999-10-19
12.748430,85.419968,16.042,15.604,15.560,1999-10-19
12.704809,85.403992,16.451,15.747,15.049,1999-10-19
12.703060,85.409615,15.507,15.175,14.795,1999-10-19
12.704015,85.403954,16.726,15.750,15.039,1999-10-19
12.756909,85.385597,15.192,14.711,14.831,1999-10-19
12.812643,85.414207,14.505,14.117,13.979,1999-10-19
12.856171,85.387161,16.738,16.005,17.025,1999-10-19
12.859977,85.391266,16.707,15.937,15.633,1999-10-19
12.837034,85.378189,13.611,13.252,13.193,1999-10-19
12.851211,85.401207,15.474,14.860,15.001,1999-10-19
12.910947,85.401031,14.879,14.328,14.423,1999-10-19
12.921130,85.437057,14.485,14.155,14.083,1999-10-19
12.916418,85.383148,15.625,15.076,14.699,1999-10-19
12.949397,85.416458,14.826,14.182,14.148,1999-10-19
12.974368,85.431755,14.480,14.124,14.037,1999-10-19
13.014944,85.392326,14.965,14.395,13.951,1999-10-19
13.056251,85.378227,15.302,14.685,14.528,1999-10-19
13.006913,85.388763,13.461,13.059,12.929,1999-10-19
13.042468,85.377525,16.294,14.912,15.118,1999-10-19
13.059962,85.386589,15.931,15.263,15.070,1999-10-19
13.115482,85.432213,16.291,15.722,15.578,1999-10-19
13.077153,85.410690,16.131,15.644,15.221,1999-10-19
13.184867,85.403687,14.292,13.908,13.876,1999-10-19
13.171906,85.431557,14.341,13.776,13.675,1999-10-19
13.163714,85.378731,16.429,15.865,15.452,1999-10-19
13.148151,85.390472,14.103,13.812,13.800,1999-10-19
13.239616,85.422768,16.335,15.669,15.223,1999-10-19
13.192451,85.407860,14.841,14.477,14.346,1999-10-19
13.237762,85.415817,16.713,15.958,15.662,1999-10-19
13.211952,85.436935,13.078,12.592,12.489,1999-10-19
13.282340,85.434425,15.114,14.750,14.729,1999-10-19
13.259500,85.387192,15.218,14.744,14.812,1999-10-19
13.307060,85.395340,15.948,15.271,15.163,1999-10-19
13.294881,85.406502,15.167,14.463,14.357,1999-10-19
13.318523,85.379173,16.567,15.772,15.975,1999-10-19
13.348960,85.405968,16.778,15.833,15.644,1999-10-19
13.399205,85.411438,16.727,16.120,15.902,1999-10-19
13.395796,85.408539,16.747,16.965,16.975,1999-10-19
13.395671,85.401276,14.995,14.232,14.048,1999-10-19
13.452632,85.406158,16.487,15.646,15.521,1999-10-19
13.448940,85.427254,13.421,12.838,12.779,1999-10-19
13.447187,85.413010,15.503,14.973,14.824,1999-10-19
13.524003,85.391502,15.531,14.992,15.401,1999-10-19
13.513287,85.416115,16.458,15.758,15.770,1999-10-19
13.511652,85.433456,16.115,15.606,15.413,1999-10-19
13.576509,85.377388,15.970,15.596,15.317,1999-10-19
13.619933,85.429497,16.301,15.450,14.486,1999-10-19
13.617912,85.376060,16.269,15.581,15.595,1999-10-19
13.610893,85.393509,12.129,11.858,11.794,1999-10-19
13.673279,85.402069,13.998,13.699,13.714,1999-10-19
13.629138,85.377686,15.349,14.779,14.656,1999-10-19
13.719718,85.411865,16.487,16.971,15.431,1999-10-19
13.691030,85.428200,13.242,12.688,12.616,1999-10-19
13.716122,85.403496,15.316,15.134,14.980,1999-10-19
13.735501,85.395554,16.789,16.148,15.268,1999-10-19
13.786821,85.425171,13.566,13.233,13.116,1999-10-19
13.786654,85.419449,14.564,14.280,14.146,1999-10-19
13.795880,85.380844,12.712,12.136,12.034,1999-10-19
13.817763,85.417046,15.205,14.736,14.753,1999-10-19
13.816481,85.404167,16.604,16.085,15.644,1999-10-19
13.931704,85.400223,14.481,14.017,13.927,1999-10-19
13.943502,85.379929,16.208,15.661,15.807,1999-10-19
13.985166,85.411240,14.602,14.275,14.225,1999-10-19
13.978885,85.384209,16.596,16.350,15.728,1999-10-19
14.039176,85.376518,15.587,15.246,15.090,1999-10-19
14.084200,85.429390,8.510,7.657,7.459,1999-10-19
14.082613,85.426941,13.668,13.318,13.263,1999-10-19
14.088243,85.395683,13.605,13.236,13.195,1999-10-19
14.115525,85.400307,13.744,13.365,13.203,1999-10-19
14.140229,85.433792,11.662,10.969,10.843,1999-10-19
14.127980,85.412376,16.430,16.211,15.637,1999-10-19
14.161143,85.432983,16.370,16.226,14.380,1999-10-19
14.195710,85.426178,16.739,16.415,16.272,1999-10-19
14.273003,85.430534,14.831,14.313,14.178,1999-10-19
14.308465,85.380707,16.856,16.053,15.361,1999-10-19
14.361317,85.419868,13.965,13.314,13.148,1999-10-19
14.314383,85.376785,16.755,16.071,15.667,1999-10-19
14.430751,85.382339,15.838,15.505,15.355,1999-10-19
14.468768,85.382118,16.181,15.865,15.716,1999-10-19
14.522441,85.379128,11.052,10.766,10.740,1999-10-19
14.539149,85.377174,13.329,12.888,12.750,1999-10-19
14.504114,85.394371,16.513,16.040,15.456,1999-10-19
14.501028,85.432793,16.324,15.709,15.806,1999-10-19
14.621462,85.411461,15.332,15.241,14.924,1999-10-19
14.610339,85.422043,14.029,13.611,13.545,1999-10-19
14.578828,85.414909,13.889,13.420,13.382,1999-10-19
14.677286,85.421730,15.396,15.271,15.064,1999-10-19
14.678513,85.407715,16.786,16.162,15.007,1999-10-19
14.656901,85.388763,15.349,14.927,14.828,1999-10-19
14.653383,85.417404,15.078,14.527,14.373,1999-10-19
14.704936,85.418175,16.109,15.786,15.512,1999-10-19
14.716764,85.381409,16.686,16.325,15.706,1999-10-19
14.710821,85.403275,16.067,15.463,15.389,1999-10-19
14.743398,85.382629,15.514,15.058,14.928,1999-10-19
14.707213,85.404678,16.637,15.687,15.577,1999-10-19
14.803341,85.425758,15.051,14.859,14.612,1999-10-19
14.757400,85.404083,15.027,14.640,14.580,1999-10-19
14.780106,85.405655,15.810,15.488,15.148,1999-10-19
14.825823,85.407539,13.389,13.067,13.016,1999-10-19
14.868513,85.422455,16.715,15.736,15.550,1999-10-19
14.819637,85.376770,16.277,15.785,15.674,1999-10-19
14.929356,85.435715,16.004,15.382,15.284,1999-10-19
14.937504,85.434532,16.140,15.408,15.523,1999-10-19
10.084793,85.493752,14.937,14.461,14.677,1999-10-19
10.181957,85.441574,15.741,15.292,15.014,1999-10-19
10.131697,85.478729,16.418,15.773,15.533,1999-10-19
10.224614,85.452896,11.609,10.958,10.905,1999-10-19
10.211801,85.493408,14.177,13.842,13.778,1999-10-19
10.197889,85.461136,14.549,13.828,13.870,1999-10-19
10.347183,85.470917,12.854,12.430,12.388,1999-10-19
10.372463,85.453087,15.731,14.968,14.754,1999-10-19
10.381179,85.464752,16.223,15.454,15.614,1999-10-19
10.387014,85.479057,16.179,15.713,15.489,1999-10-19
10.399083,85.498169,16.272,16.663,17.130,1999-10-19
10.410546,85.439705,16.305,15.602,15.721,1999-10-19
10.466547,85.451965,10.252,9.768,9.620,1999-10-19
10.442075,85.449715,15.579,14.998,15.116,1999-10-19
10.485874,85.445007,15.698,15.456,15.225,1999-10-19
10.556878,85.457161,16.003,15.518,15.162,1999-10-19
10.507865,85.493774,14.537,14.161,14.174,1999-10-19
10.545326,85.458992,12.715,12.072,11.949,1999-10-19
10.560587,85.446640,15.933,15.114,15.075,1999-10-19
10.588783,85.482506,15.750,15.131,15.195,1999-10-19
10.627852,85.496635,16.884,15.934,15.268,1999-10-19
10.656453,85.482849,16.305,15.687,16.013,1999-10-19
10.668088,85.453476,16.228,15.545,15.845,1999-10-19
10.725505,85.477188,16.354,15.988,15.605,1999-10-19
10.689140,85.454086,13.975,13.657,13.609,1999-10-19
10.756990,85.451607,16.757,15.980,15.742,1999-10-19
10.796756,85.492996,16.863,16.054,15.873,1999-10-19
10.767121,85.454704,16.285,15.752,15.327,1999-10-19
10.841432,85.452866,15.199,14.488,13.970,1999-10-19
10.887656,85.457993,13.651,13.226,13.236,1999-10-19
11.036567,85.461403,14.281,13.971,13.751,1999-10-19
11.046155,85.463020,14.000,13.738,13.608,1999-10-19
11.064272,85.493263,16.646,16.015,15.484,1999-10-19
11.089247,85.441643,12.629,12.515,12.499,1999-10-19
11.164318,85.446968,15.824,15.240,15.400,1999-10-19
11.373074,85.456154,16.456,16.080,15.967,1999-10-19
11.328370,85.475372,16.326,15.845,15.369,1999-10-19
11.356696,85.496590,15.623,15.684,15.783,1999-10-19
11.380773,85.462143,12.471,12.136,12.052,1999-10-19
11.417040,85.439880,15.674,15.159,14.951,1999-10-19
11.432853,85.438721,14.629,14.276,14.333,1999-10-19
11.448468,85.493599,16.454,15.819,15.383,1999-10-19
11.476405,85.491760,12.575,12.203,12.166,1999-10-19
11.478755,85.469788,15.028,14.623,14.488,1999-10-19
11.508692,85.458595,15.788,15.527,15.105,1999-10-19
11.591433,85.491371,15.829,15.467,14.887,1999-10-19
11.577596,85.450333,14.082,13.638,13.548,1999-10-19
11.717344,85.464455,14.330,13.689,13.529,1999-10-19
11.755334,85.493095,17.009,16.088,15.125,1999-10-19
11.820304,85.487244,15.735,15.325,15.392,1999-10-19
11.846122,85.470573,15.533,14.953,14.843,1999-10-19
11.877479,85.482391,13.544,13.145,13.095,1999-10-19
11.936848,85.445854,13.515,13.199,13.127,1999-10-19
11.896986,85.453644,15.406,15.085,14.999,1999-10-19
11.963028,85.455872,16.125,15.494,14.555,1999-10-19
11.958050,85.490265,16.206,15.692,15.823,1999-10-19
11.968713,85.482216,14.778,14.178,14.121,1999-10-19
11.979499,85.449249,14.960,14.402,14.064,1999-10-19
11.993718,85.470657,14.750,14.053,13.997,1999-10-19
12.032882,85.463799,13.297,12.903,12.909,1999-10-19
12.040951,85.468933,14.173,13.938,13.734,1999-10-19
12.101995,85.496140,16.543,15.976,15.340,1999-10-19
12.118385,85.450851,12.957,12.662,12.606,1999-10-19
12.077367,85.457687,16.744,16.823,15.217,1999-10-19
12.151528,85.448448,15.645,15.178,15.144,1999-10-19
12.154060,85.483017,16.769,15.908,15.422,1999-10-19
12.244356,85.449478,16.485,15.854,15.572,1999-10-19
12.224994,85.443153,16.694,15.995,15.648,1999-10-19
12.279349,85.462479,14.613,13.914,13.675,1999-10-19
12.308500,85.478271,14.642,14.351,14.234,1999-10-19
12.404427,85.492508,10.737,10.518,10.471,1999-10-19
12.397751,85.494560,15.726,15.610,15.865,1999-10-19
12.382601,85.476936,13.175,12.622,12.564,1999-10-19
12.445187,85.442604,14.762,14.347,14.155,1999-10-19
12.492244,85.470879,16.624,16.079,15.664,1999-10-19
12.464290,85.464096,15.484,14.827,14.546,1999-10-19
12.450607,85.461960,15.876,15.262,14.956,1999-10-19
12.541004,85.479362,15.864,15.151,14.907,1999-10-19
12.525483,85.442123,14.218,13.691,13.631,1999-10-19
12.546495,85.474091,15.880,14.988,14.951,1999-10-19
12.608401,85.457863,16.657,15.660,15.256,1999-10-19
12.659404,85.471725,16.211,15.769,15.755,1999-10-19
12.797228,85.479942,14.069,13.474,13.152,1999-10-19
12.853136,85.469551,16.092,15.328,15.067,1999-10-19
12.914910,85.489616,14.890,14.508,14.500,1999-10-19
12.918534,85.440262,15.733,15.293,15.164,1999-10-19
12.965058,85.467484,15.506,14.888,14.688,1999-10-19
13.052849,85.479515,16.423,15.803,15.847,1999-10-19
13.030002,85.457169,14.829,14.496,14.445,1999-10-19
13.124422,85.482552,15.821,15.415,15.461,1999-10-19
13.156549,85.458038,16.686,15.759,15.236,1999-10-19
13.176669,85.453461,16.744,15.600,17.229,1999-10-19
13.199992,85.493347,14.774,14.210,14.258,1999-10-19
13.232345,85.479378,15.909,15.535,15.839,1999-10-19
13.236498,85.473930,12.140,11.777,11.664,1999-10-19
13.288488,85.454887,16.730,15.780,15.334,1999-10-19
13.348739,85.454597,16.074,15.863,15.191,1999-10-19
13.535556,85.483566,16.503,15.983,15.340,1999-10-19
13.599879,85.452782,15.232,14.732,14.630,1999-10-19
13.631000,85.479240,14.241,13.539,13.102,1999-10-19
13.706600,85.490005,14.647,14.296,14.163,1999-10-19
13.735189,85.446861,14.717,14.241,14.366,1999-10-19
13.817820,85.461479,15.068,14.643,14.572,1999-10-19
13.991625,85.462769,16.305,16.123,15.673,1999-10-19
13.957127,85.464142,14.926,14.609,14.387,1999-10-19
14.045647,85.459038,7.586,7.514,7.430,1999-10-19
14.005530,85.463448,16.628,16.080,15.213,1999-10-19
14.139908,85.469376,15.551,15.123,15.000,1999-10-19
14.151652,85.482208,14.939,14.569,14.310,1999-10-19
14.160538,85.449883,15.699,15.272,15.345,1999-10-19
14.278456,85.444405,16.637,16.133,15.966,1999-10-19
14.332827,85.464317,15.226,14.382,14.305,1999-10-19
14.356470,85.487633,16.238,15.735,15.700,1999-10-19
14.342619,85.493362,13.444,13.212,13.030,1999-10-19
14.331160,85.493141,13.708,14.407,13.225,1999-10-19
14.427818,85.478111,14.714,14.352,14.303,1999-10-19
14.403838,85.480423,16.844,15.962,15.509,1999-10-19
14.474947,85.455177,10.536,10.045,9.973,1999-10-19
14.555419,85.476891,14.113,13.885,13.708,1999-10-19
14.523231,85.437653,16.764,16.199,15.439,1999-10-19
14.526188,85.449776,16.468,16.131,16.337,1999-10-19
14.545245,85.437592,16.336,15.953,15.501,1999-10-19
14.526088,85.441711,15.462,15.238,14.862,1999-10-19
14.592668,85.445740,16.670,15.740,15.237,1999-10-19
14.567000,85.482498,12.653,12.160,11.994,1999-10-19
14.589856,85.481514,12.556,12.230,12.155,1999-10-19
14.739757,85.461441,15.780,15.139,15.073,1999-10-19
14.802767,85.492805,11.832,11.507,11.436,1999-10-19
14.781085,85.471199,15.814,15.212,15.151,1999-10-19
14.865659,85.498154,14.979,14.482,14.152,1999-10-19
14.819265,85.445808,15.619,14.827,14.609,1999-10-19
14.907862,85.497681,15.562,14.957,14.817,1999-10-19
14.896508,85.439194,15.786,15.308,15.325,1999-10-19
14.880286,85.451607,16.533,15.981,15.659,1999-10-19
14.947693,85.467072,15.355,15.079,14.895,1999-10-19
14.975213,85.484787,14.789,14.442,14.224,1999-10-19
10.022181,85.543861,16.142,15.798,15.650,1999-10-19
10.070138,85.527229,12.521,12.223,12.121,1999-10-19
10.136577,85.557686,15.871,15.498,15.206,1999-10-19
10.298490,85.528763,15.256,14.898,14.906,1999-10-19
10.369914,85.540199,15.171,14.600,14.620,1999-10-19
10.436054,85.546997,16.507,16.090,15.527,1999-10-19
10.437872,85.531952,13.189,12.865,12.776,1999-10-19
10.689713,85.502594,16.688,15.950,15.832,1999-10-19
10.718101,85.522987,15.434,14.929,15.008,1999-10-19
10.724099,85.509544,14.577,14.084,13.990,1999-10-19
10.829535,85.536667,16.547,15.693,16.370,1999-10-19
10.991800,85.559738,16.674,16.246,16.603,1999-10-19
10.940024,85.538750,12.901,12.667,12.594,1999-10-19
10.949318,85.560226,15.607,14.876,14.975,1999-10-19
11.013061,85.522385,15.843,15.272,15.387,1999-10-19
11.096776,85.528450,14.501,14.055,13.994,1999-10-19
11.185871,85.537872,12.100,11.543,11.416,1999-10-19
11.249817,85.512390,15.573,15.073,14.775,1999-10-19
11.230355,85.506462,15.916,15.930,15.467,1999-10-19
11.237644,85.500053,14.131,13.510,13.422,1999-10-19
11.296721,85.533447,14.954,14.546,14.297,1999-10-19
11.360033,85.517960,15.934,15.545,15.217,1999-10-19
11.363748,85.515541,16.667,15.662,16.040,1999-10-19
11.319595,85.530487,13.469,12.859,12.791,1999-10-19
11.389737,85.544891,15.437,14.865,14.338,1999-10-19
11.581327,85.521057,16.426,16.131,15.505,1999-10-19
11.671561,85.515572,13.428,13.061,12.941,1999-10-19
11.672221,85.521515,15.303,15.065,14.991,1999-10-19
11.650200,85.524414,15.734,15.064,14.885,1999-10-19
11.739377,85.509735,12.734,12.146,11.872,1999-10-19
11.703676,85.527130,16.520,15.948,15.585,1999-10-19
11.720702,85.543503,16.636,16.126,15.389,1999-10-19
11.782219,85.561577,14.743,14.453,14.251,1999-10-19
11.807512,85.526924,16.139,15.820,15.332,1999-10-19
11.874333,85.517296,16.116,15.399,14.953,1999-10-19
11.926012,85.542953,16.059,15.616,15.585,1999-10-19
11.926190,85.538658,14.786,14.104,13.887,1999-10-19
11.996856,85.549438,15.417,14.812,14.638,1999-10-19
11.991682,85.540947,16.266,15.390,14.642,1999-10-19
12.089718,85.558304,15.742,15.389,15.061,1999-10-19
12.121879,85.525475,14.862,14.549,14.475,1999-10-19
12.244113,85.548531,16.581,15.727,15.639,1999-10-19
12.263376,85.558784,16.763,16.115,15.110,1999-10-19
12.295660,85.526466,16.390,15.712,15.462,1999-10-19
12.261600,85.517021,16.267,15.525,15.319,1999-10-19
12.336943,85.505325,15.695,14.986,15.236,1999-10-19
12.347133,85.517555,16.700,16.049,15.606,1999-10-19
12.478181,85.559418,16.575,16.078,15.835,1999-10-19
12.440453,85.551872,14.704,14.416,14.334,1999-10-19
12.592778,85.522469,14.930,14.260,14.240,1999-10-19
12.588285,85.552750,16.173,15.323,15.120,1999-10-19
12.599386,85.536041,13.534,13.184,13.179,1999-10-19
12.657561,85.559937,14.626,14.114,13.888,1999-10-19
12.698066,85.521263,15.551,15.225,15.080,1999-10-19
12.789896,85.542633,16.399,16.019,15.758,1999-10-19
12.802433,85.543884,16.315,16.117,15.115,1999-10-19
12.792918,85.518318,14.706,14.376,14.369,1999-10-19
12.784906,85.530731,12.519,12.014,11.920,1999-10-19
12.821017,85.557915,16.205,15.369,15.405,1999-10-19
12.873368,85.512993,15.428,15.099,14.888,1999-10-19
12.936719,85.502052,14.236,13.915,13.892,1999-10-19
12.887878,85.514091,15.511,14.846,14.534,1999-10-19
12.937812,85.558472,14.029,13.728,13.584,1999-10-19
13.079993,85.534386,14.837,14.424,14.292,1999-10-19
13.088678,85.556458,14.732,14.459,14.412,1999-10-19
13.092981,85.535873,15.435,15.146,14.931,1999-10-19
13.108643,85.514282,16.497,16.020,16.146,1999-10-19
13.188553,85.540413,14.582,14.292,14.181,1999-10-19
13.259466,85.503700,14.314,14.032,13.966,1999-10-19
13.301499,85.551048,13.657,12.962,12.769,1999-10-19
13.317414,85.545265,15.960,15.842,15.634,1999-10-19
13.373041,85.545593,15.912,15.425,15.373,1999-10-19
13.414119,85.526360,16.753,16.025,16.445,1999-10-19
13.453016,85.512939,16.845,15.908,15.009,1999-10-19
13.493833,85.528679,15.256,14.621,14.473,1999-10-19
13.548355,85.557770,14.876,14.506,14.383,1999-10-19
13.555041,85.539711,16.735,16.030,15.967,1999-10-19
13.523969,85.538116,12.282,11.777,11.645,1999-10-19
13.547781,85.553154,15.777,15.482,15.270,1999-10-19
13.573986,85.562180,16.981,15.656,15.281,1999-10-19
13.638685,85.524399,13.828,13.539,13.605,1999-10-19
13.631184,85.535873,13.859,13.630,13.543,1999-10-19
13.660481,85.521294,11.489,11.248,11.117,1999-10-19
13.668399,85.503517,15.230,14.866,14.684,1999-10-19
13.728993,85.552910,15.579,14.911,14.578,1999-10-19
13.756151,85.520187,15.256,14.748,14.449,1999-10-19
13.871331,85.530754,16.918,15.949,15.528,1999-10-19
13.880251,85.535095,14.849,14.459,14.404,1999-10-19
13.971509,85.513939,13.303,13.022,12.955,1999-10-19
14.114016,85.561447,16.114,15.327,15.344,1999-10-19
14.117648,85.531036,14.032,13.489,13.369,1999-10-19
14.141273,85.529869,16.343,15.734,15.670,1999-10-19
14.157569,85.545029,16.962,16.161,15.975,1999-10-19
14.392037,85.557030,12.447,12.212,12.135,1999-10-19
14.435960,85.525299,15.267,14.902,14.831,1999-10-19
14.611945,85.550995,13.643,13.406,13.384,1999-10-19
14.704450,85.552826,16.328,15.875,15.588,1999-10-19
14.818667,85.556389,16.437,15.529,15.625,1999-10-19
14.822851,85.525444,13.194,12.696,12.578,1999-10-19
14.907924,85.562096,11.478,11.173,11.082,1999-10-19
14.883298,85.517525,16.538,15.730,15.426,1999-10-19
14.973958,85.530052,12.508,11.899,11.673,1999-10-19
10.012953,85.568642,12.946,12.545,12.439,1999-10-19
10.044737,85.575165,16.631,16.072,15.590,1999-10-19
10.099076,85.596809,14.710,14.373,14.430,1999-10-19
10.158882,85.616417,16.491,15.670,15.427,1999-10-19
10.182622,85.582298,15.235,14.850,14.872,1999-10-19
10.151689,85.585411,16.568,16.050,15.121,1999-10-19
10.242328,85.620163,15.945,15.463,15.359,1999-10-19
10.326077,85.584976,13.326,12.920,12.824,1999-10-19
10.383759,85.569679,12.525,12.219,12.147,1999-10-19
10.517307,85.612274,16.309,15.714,15.573,1999-10-19
10.522587,85.575470,13.341,13.078,13.082,1999-10-19
10.590621,85.597443,16.310,16.078,15.574,1999-10-19
10.654150,85.602844,13.812,13.479,13.424,1999-10-19
10.736040,85.609337,14.545,14.143,13.930,1999-10-19
10.701973,85.609055,16.356,15.951,15.746,1999-10-19
10.809261,85.586105,16.187,15.487,15.478,1999-10-19
10.831601,85.565346,16.124,15.720,16.058,1999-10-19
10.841046,85.568832,16.461,16.028,15.828,1999-10-19
10.833868,85.623718,15.237,14.486,14.438,1999-10-19
10.935188,85.572800,14.797,14.300,13.941,1999-10-19
10.898863,85.567879,15.679,14.933,14.723,1999-10-19
10.977064,85.591492,13.065,12.707,12.661,1999-10-19
11.066214,85.610191,16.607,16.214,15.691,1999-10-19
11.118197,85.624527,15.640,15.212,15.080,1999-10-19
11.119677,85.600037,15.180,14.750,14.622,1999-10-19
11.159632,85.563766,16.668,15.545,15.774,1999-10-19
11.197753,85.599785,14.791,14.522,14.373,1999-10-19
11.259311,85.575562,14.740,14.371,14.269,1999-10-19
11.374532,85.572174,15.784,15.397,15.224,1999-10-19
11.340126,85.603317,16.630,15.831,15.568,1999-10-19
11.407021,85.563583,16.532,15.516,15.068,1999-10-19
11.456405,85.565239,12.540,12.081,11.991,1999-10-19
11.468101,85.575157,16.328,15.472,15.494,1999-10-19
11.624898,85.583252,15.846,15.374,14.980,1999-10-19
11.632981,85.600105,12.635,12.356,12.274,1999-10-19
11.746046,85.584496,16.658,15.847,15.624,1999-10-19
11.764148,85.605553,13.669,13.295,13.141,1999-10-19
11.906218,85.615509,13.985,13.634,13.608,1999-10-19
11.885056,85.573685,12.948,12.620,12.546,1999-10-19
11.967443,85.577461,15.973,15.408,15.188,1999-10-19
11.957659,85.589287,12.586,12.063,11.895,1999-10-19
11.938681,85.620499,15.326,14.673,14.544,1999-10-19
12.039780,85.606163,16.617,15.614,15.593,1999-10-19
12.060854,85.582230,16.648,16.062,15.317,1999-10-19
12.083316,85.567924,16.702,15.798,15.824,1999-10-19
12.117764,85.621330,15.987,15.604,15.070,1999-10-19
12.160423,85.606018,16.573,16.144,15.676,1999-10-19
12.134558,85.623863,15.580,15.306,14.994,1999-10-19
12.151166,85.623497,16.648,15.988,15.091,1999-10-19
12.222743,85.586662,16.668,15.930,15.255,1999-10-19
12.242064,85.594383,14.724,14.293,14.086,1999-10-19
12.199161,85.584526,10.573,10.492,10.442,1999-10-19
12.274464,85.611923,15.745,15.247,14.861,1999-10-19
12.320797,85.570152,16.596,16.179,15.444,1999-10-19
12.350300,85.607666,15.127,14.525,14.313,1999-10-19
12.427888,85.566879,13.859,13.395,13.288,1999-10-19
12.414101,85.588425,11.147,10.624,10.489,1999-10-19
12.484798,85.623634,13.620,13.392,13.257,1999-10-19
12.489221,85.572090,16.577,16.001,15.318,1999-10-19
12.532955,85.606918,12.091,11.655,11.549,1999-10-19
12.555238,85.602875,16.138,15.699,15.403,1999-10-19
12.585996,85.574455,15.880,15.275,14.910,1999-10-19
12.618294,85.586700,15.544,15.199,14.931,1999-10-19
12.622726,85.562630,15.195,14.677,14.775,1999-10-19
12.670557,85.577957,14.991,14.311,14.116,1999-10-19
12.663078,85.563431,13.727,13.043,12.794,1999-10-19
12.695035,85.586380,15.560,14.742,14.745,1999-10-19
12.737862,85.604996,16.286,15.426,15.459,1999-10-19
12.702375,85.615822,16.987,16.118,15.829,1999-10-19
12.800318,85.578148,16.760,16.101,15.583,1999-10-19
12.812326,85.600204,15.887,15.095,15.080,1999-10-19
12.789649,85.611679,16.254,15.630,15.763,1999-10-19
12.760815,85.620148,15.793,15.366,15.264,1999-10-19
12.769633,85.568878,15.918,15.450,15.450,1999-10-19
12.819924,85.594284,13.113,12.842,12.789,1999-10-19
12.925062,85.617691,13.776,13.288,13.177,1999-10-19
12.975462,85.614204,14.815,14.477,14.662,1999-10-19
13.013912,85.588516,16.594,15.600,15.483,1999-10-19
13.026591,85.580048,15.855,15.366,15.265,1999-10-19
13.065160,85.579758,13.958,13.442,13.409,1999-10-19
13.083199,85.618492,16.592,15.923,15.337,1999-10-19
13.110732,85.594818,16.120,15.766,15.809,1999-10-19
13.094533,85.578812,16.191,15.748,15.589,1999-10-19
13.127097,85.600647,16.087,15.844,15.598,1999-10-19
13.146745,85.589111,16.486,15.611,15.584,1999-10-19
13.125876,85.589867,16.321,15.679,15.559,1999-10-19
13.279074,85.599609,15.119,14.704,14.573,1999-10-19
13.384487,85.614502,16.290,15.729,15.604,1999-10-19
13.565693,85.563599,14.723,14.076,13.903,1999-10-19
13.597563,85.571945,15.282,15.000,14.782,1999-10-19
13.687141,85.575523,14.481,13.829,13.633,1999-10-19
13.808199,85.594429,14.726,14.423,14.326,1999-10-19
13.906306,85.599709,14.900,14.494,14.443,1999-10-19
13.934396,85.563675,16.647,15.803,15.776,1999-10-19
14.052111,85.602112,16.162,15.595,15.266,1999-10-19
14.073120,85.607887,15.563,15.105,15.126,1999-10-19
14.085581,85.617706,16.314,15.852,15.563,1999-10-19
14.140485,85.584938,13.536,13.214,13.112,1999-10-19
14.125021,85.615044,14.609,14.043,14.045,1999-10-19
14.221774,85.596207,16.552,16.058,15.734,1999-10-19
14.194161,85.568932,13.725,13.362,13.318,1999-10-19
14.320963,85.599815,16.476,15.746,15.682,1999-10-19
14.419589,85.606964,16.694,16.066,15.667,1999-10-19
14.468246,85.591011,15.524,15.486,14.969,1999-10-19
14.455591,85.590370,16.235,15.565,15.177,1999-10-19
14.481562,85.562752,13.935,13.589,13.548,1999-10-19
14.492903,85.564018,16.618,15.808,15.685,1999-10-19
14.544235,85.620941,16.650,15.518,15.251,1999-10-19
14.589420,85.621361,15.393,15.146,15.044,1999-10-19
14.658939,85.574020,11.773,11.432,11.425,1999-10-19
14.708842,85.590157,15.402,14.762,14.635,1999-10-19
14.743830,85.620255,16.823,16.057,15.635,1999-10-19
14.795066,85.615379,16.455,16.017,15.536,1999-10-19
14.885550,85.606926,15.352,14.887,14.675,1999-10-19
14.970222,85.574265,15.666,15.234,14.885,1999-10-19
14.948116,85.579956,16.655,15.904,15.333,1999-10-19
10.060485,85.638580,16.538,15.688,15.407,1999-10-19
10.040278,85.653374,16.370,16.014,15.735,1999-10-19
10.019002,85.627205,14.032,13.439,13.234,1999-10-19
10.072047,85.650398,15.897,15.392,15.322,1999-10-19
10.114162,85.645210,16.598,16.201,16.030,1999-10-19
10.147380,85.661255,15.761,15.476,15.419,1999-10-19
10.135021,85.644135,15.692,15.095,14.856,1999-10-19
10.233931,85.642815,16.553,16.091,15.537,1999-10-19
10.212144,85.655144,14.835,14.554,14.525,1999-10-19
10.200995,85.677948,14.144,13.837,13.801,1999-10-19
10.193738,85.632919,15.557,15.227,15.135,1999-10-19
10.261519,85.657219,13.213,12.579,12.382,1999-10-19
10.393220,85.645241,16.590,16.058,16.000,1999-10-19
10.405434,85.654900,13.665,13.473,13.340,1999-10-19
10.428378,85.664803,15.820,15.119,14.804,1999-10-19
10.563159,85.629097,15.631,14.990,14.782,1999-10-19
10.632895,85.666840,16.720,16.437,15.665,1999-10-19
10.629760,85.680000,16.738,15.838,15.484,1999-10-19
10.726892,85.650803,15.553,14.977,14.729,1999-10-19
10.823743,85.632576,16.044,15.550,15.738,1999-10-19
10.853836,85.626175,15.805,15.347,15.057,1999-10-19
10.906856,85.681259,14.855,14.620,14.318,1999-10-19
10.947728,85.626816,15.740,15.301,15.044,1999-10-19
10.988324,85.669586,15.898,15.417,15.288,1999-10-19
11.057612,85.669182,15.548,15.159,14.965,1999-10-19
11.074346,85.675568,16.736,16.409,15.461,1999-10-19
11.100020,85.631714,16.561,15.558,15.408,1999-10-19
11.188470,85.672203,14.163,13.991,13.894,1999-10-19
11.256023,85.640968,15.646,14.920,14.332,1999-10-19
11.343048,85.628082,15.693,15.247,15.142,1999-10-19
11.405670,85.672173,16.481,15.934,15.359,1999-10-19
11.451745,85.663872,16.474,15.613,14.749,1999-10-19
11.444370,85.640556,13.996,13.734,13.564,1999-10-19
11.542621,85.674118,15.031,14.207,13.990,1999-10-19
11.518111,85.662567,15.672,15.003,14.368,1999-10-19
11.545739,85.662910,16.627,16.238,15.814,1999-10-19
11.624092,85.634270,13.776,13.368,13.304,1999-10-19
11.647942,85.636818,15.817,15.381,15.236,1999-10-19
11.666828,85.674316,15.357,15.150,14.902,1999-10-19
11.653173,85.685905,11.324,10.730,10.608,1999-10-19
11.704561,85.652962,16.818,15.567,14.855,1999-10-19
11.725496,85.652786,13.463,12.941,12.838,1999-10-19
11.738603,85.678696,15.933,15.438,15.086,1999-10-19
11.851483,85.676727,16.634,16.325,15.789,1999-10-19
11.839161,85.638618,15.115,14.565,14.302,1999-10-19
11.940893,85.659973,14.717,14.333,14.152,1999-10-19
11.967054,85.639626,14.668,14.322,14.294,1999-10-19
12.022351,85.675034,15.896,15.443,15.361,1999-10-19
12.066076,85.661476,14.492,13.760,13.548,1999-10-19
12.142580,85.670883,15.692,14.961,14.905,1999-10-19
12.160153,85.679077,15.958,15.500,15.482,1999-10-19
12.209132,85.648964,13.319,12.857,12.755,1999-10-19
12.273539,85.654892,14.816,14.150,14.087,1999-10-19
12.291215,85.681412,17.157,16.223,15.837,1999-10-19
12.275342,85.643227,16.410,16.098,16.005,1999-10-19
12.288657,85.670662,16.185,15.721,15.395,1999-10-19
12.348139,85.674049,15.861,15.356,15.044,1999-10-19
12.374392,85.638611,12.057,11.689,11.599,1999-10-19
12.375019,85.685097,16.765,15.893,15.766,1999-10-19
12.454961,85.634163,16.554,15.626,15.785,1999-10-19
12.531663,85.674850,16.629,15.821,15.372,1999-10-19
12.559885,85.661125,16.481,15.919,15.462,1999-10-19
12.553957,85.658257,16.714,15.884,15.696,1999-10-19
12.552284,85.649147,15.901,15.638,15.535,1999-10-19
12.624260,85.630241,16.702,15.942,15.613,1999-10-19
12.609690,85.632462,16.270,15.298,15.262,1999-10-19
12.596722,85.649612,16.310,15.686,15.168,1999-10-19
12.585902,85.687477,16.008,15.293,15.133,1999-10-19
12.782863,85.661240,16.180,16.265,15.804,1999-10-19
12.787099,85.635887,15.859,15.358,15.057,1999-10-19
12.829242,85.630013,15.946,15.371,15.331,1999-10-19
12.858342,85.649536,16.043,15.928,15.369,1999-10-19
12.920052,85.659027,16.557,16.568,15.727,1999-10-19
13.059535,85.639244,16.711,16.406,16.472,1999-10-19
13.058762,85.685143,13.748,13.246,13.060,1999-10-19
13.100848,85.663757,16.117,15.678,15.497,1999-10-19
13.114313,85.683075,14.940,14.767,14.622,1999-10-19
13.090818,85.634384,16.343,15.653,16.190,1999-10-19
13.167678,85.627029,15.724,15.451,15.304,1999-10-19
13.141164,85.650475,15.150,14.925,14.908,1999-10-19
13.245926,85.649742,13.331,12.939,12.832,1999-10-19
13.207359,85.665222,16.632,15.890,15.505,1999-10-19
13.286943,85.680679,15.474,14.836,14.480,1999-10-19
13.336815,85.677315,16.495,15.673,16.495,1999-10-19
13.332049,85.662766,13.411,13.066,12.998,1999-10-19
13.393895,85.652267,15.577,15.018,14.484,1999-10-19
13.444239,85.662743,13.360,12.997,12.938,1999-10-19
13.530273,85.687019,16.753,15.518,16.121,1999-10-19
13.564073,85.652267,16.618,16.069,15.618,1999-10-19
13.683219,85.666481,16.557,15.852,15.322,1999-10-19
13.655816,85.682457,13.472,12.968,12.844,1999-10-19
13.679118,85.678322,13.428,12.824,12.661,1999-10-19
13.715091,85.636353,15.945,15.421,15.335,1999-10-19
13.796296,85.683113,15.859,15.552,15.225,1999-10-19
13.831035,85.630600,16.517,15.741,15.446,1999-10-19
13.838746,85.639160,16.698,16.118,15.453,1999-10-19
13.865919,85.634972,16.013,15.595,15.485,1999-10-19
13.919688,85.664314,16.054,15.522,13.276,1999-10-19
13.899191,85.664711,11.233,10.932,10.819,1999-10-19
13.918170,85.680382,16.349,16.137,15.820,1999-10-19
13.943100,85.625427,14.343,14.056,13.866,1999-10-19
13.975762,85.659424,16.291,16.043,15.197,1999-10-19
13.996840,85.665810,16.676,16.338,15.752,1999-10-19
14.018380,85.653511,16.728,17.402,15.915,1999-10-19
14.034386,85.661522,16.548,15.850,15.284,1999-10-19
14.030601,85.647064,13.317,13.031,12.885,1999-10-19
14.011940,85.636452,15.795,15.201,14.871,1999-10-19
14.166174,85.672386,16.759,16.135,15.725,1999-10-19
14.205411,85.654099,16.283,15.657,15.982,1999-10-19
14.232442,85.644852,13.804,13.137,12.973,1999-10-19
14.213280,85.668350,16.504,15.871,15.796,1999-10-19
14.319419,85.664345,16.251,16.454,15.644,1999-10-19
14.426133,85.635536,15.125,14.487,14.386,1999-10-19
14.415568,85.683144,15.248,14.686,14.527,1999-10-19
14.396754,85.653320,17.310,16.087,15.946,1999-10-19
14.463140,85.658600,16.707,16.154,15.769,1999-10-19
14.477384,85.663078,16.335,15.768,15.201,1999-10-19
14.480325,85.626701,16.935,16.280,15.731,1999-10-19
14.547352,85.672539,15.780,15.173,14.926,1999-10-19
14.556438,85.675041,16.003,15.638,15.290,1999-10-19
14.596286,85.687233,15.004,14.605,14.502,1999-10-19
14.612898,85.657249,16.255,15.566,15.098,1999-10-19
14.570475,85.671761,10.453,9.863,9.713,1999-10-19
14.798050,85.644287,14.631,14.044,13.875,1999-10-19
14.801124,85.651482,16.656,16.076,15.704,1999-10-19
14.854408,85.645523,16.723,16.913,16.004,1999-10-19
14.871988,85.637802,15.748,15.116,14.842,1999-10-19
14.816241,85.674049,16.513,16.016,15.555,1999-10-19
14.902594,85.681831,15.508,15.272,15.099,1999-10-19
10.278316,85.711594,14.227,13.836,13.778,1999-10-19
10.257408,85.723747,15.760,15.421,14.901,1999-10-19
10.320605,85.722130,16.030,15.455,15.052,1999-10-19
10.379425,85.712120,14.001,13.687,13.697,1999-10-19
10.403373,85.697762,15.549,14.897,14.947,1999-10-19
10.481190,85.690430,16.583,16.581,16.273,1999-10-19
10.609543,85.711128,16.895,16.177,16.251,1999-10-19
10.569365,85.710007,17.006,15.898,15.566,1999-10-19
10.568900,85.742317,12.345,12.119,12.062,1999-10-19
10.651781,85.696884,15.766,15.445,15.116,1999-10-19
10.634318,85.712471,14.914,14.454,14.180,1999-10-19
10.804031,85.695473,16.706,15.692,15.610,1999-10-19
10.808603,85.741104,16.396,15.678,15.392,1999-10-19
10.772040,85.745453,14.925,14.269,13.876,1999-10-19
10.842795,85.714256,14.951,14.564,14.497,1999-10-19
10.835484,85.695251,13.783,13.496,13.398,1999-10-19
10.989192,85.692154,16.681,15.922,16.114,1999-10-19
10.968858,85.696289,14.942,14.400,14.271,1999-10-19
11.032557,85.688675,14.888,14.169,14.009,1999-10-19
11.071094,85.729630,16.262,15.617,15.506,1999-10-19
11.124508,85.725304,15.207,14.891,14.693,1999-10-19
11.084289,85.740799,16.604,16.787,15.777,1999-10-19
11.128267,85.723328,13.314,12.682,12.582,1999-10-19
11.338056,85.688400,12.919,12.633,12.563,1999-10-19
11.328498,85.700615,16.134,15.371,15.320,1999-10-19
11.382249,85.731598,14.460,14.116,14.124,1999-10-19
11.455655,85.707893,14.327,13.951,13.782,1999-10-19
11.469622,85.703941,15.818,15.270,15.130,1999-10-19
11.540805,85.735245,16.983,15.988,15.719,1999-10-19
11.531273,85.701302,13.718,13.171,12.893,1999-10-19
11.594017,85.709473,16.644,15.748,15.616,1999-10-19
11.574178,85.720070,15.085,14.462,14.287,1999-10-19
11.712776,85.699387,16.405,15.786,15.966,1999-10-19
11.709534,85.747826,15.928,15.183,15.152,1999-10-19
11.763772,85.714523,11.342,10.702,10.635,1999-10-19
11.786914,85.715042,16.388,14.342,14.122,1999-10-19
11.789984,85.693146,12.071,11.561,11.483,1999-10-19
11.837427,85.733772,17.039,16.195,15.605,1999-10-19
11.956352,85.743294,16.648,15.974,15.148,1999-10-19
11.956669,85.735458,15.835,15.212,14.876,1999-10-19
11.966929,85.726501,14.913,14.420,14.479,1999-10-19
12.004510,85.704582,15.368,14.882,14.572,1999-10-19
12.037712,85.719139,15.310,14.780,14.480,1999-10-19
12.118159,85.697411,16.441,16.064,15.753,1999-10-19
12.076138,85.744781,16.696,17.448,17.097,1999-10-19
12.152270,85.691360,13.183,12.866,12.850,1999-10-19
12.166489,85.742516,14.616,14.273,14.344,1999-10-19
12.291076,85.692612,15.596,15.058,14.917,1999-10-19
12.330144,85.746887,12.418,11.973,11.867,1999-10-19
12.386141,85.730019,15.323,15.090,15.331,1999-10-19
12.431848,85.744659,16.613,15.270,15.130,1999-10-19
12.392207,85.737251,15.454,14.555,14.499,1999-10-19
12.398674,85.744682,9.932,9.780,9.725,1999-10-19
12.463731,85.739624,16.520,15.639,15.548,1999-10-19
12.490866,85.738106,13.445,12.753,12.575,1999-10-19
12.549227,85.704971,13.534,12.829,12.740,1999-10-19
12.602774,85.691872,14.540,13.962,13.624,1999-10-19
12.635659,85.702415,14.888,14.550,14.348,1999-10-19
12.665060,85.739586,14.053,13.712,13.551,1999-10-19
12.689256,85.740372,16.120,15.657,15.426,1999-10-19
12.702336,85.711716,15.103,14.510,14.219,1999-10-19
12.729107,85.749977,15.130,14.825,14.932,1999-10-19
12.717926,85.692749,16.697,15.475,15.898,1999-10-19
12.813305,85.733971,14.726,14.278,14.357,1999-10-19
12.915260,85.709320,15.507,14.878,14.743,1999-10-19
12.901275,85.732460,16.377,15.722,15.174,1999-10-19
13.029524,85.722084,14.161,13.694,13.560,1999-10-19
13.051617,85.692322,16.462,15.668,15.515,1999-10-19
13.018199,85.748520,12.493,12.090,12.053,1999-10-19
13.086421,85.705330,13.276,12.658,12.605,1999-10-19
13.158459,85.720703,14.993,14.785,14.702,1999-10-19
13.136260,85.747948,17.100,16.112,15.830,1999-10-19
13.187488,85.704788,13.634,13.253,13.245,1999-10-19
13.238694,85.745987,16.457,15.871,15.656,1999-10-19
13.246968,85.741989,14.680,14.372,14.442,1999-10-19
13.295621,85.734924,14.986,14.615,14.629,1999-10-19
13.251905,85.693092,12.165,11.988,11.931,1999-10-19
13.326073,85.701859,14.745,14.142,14.125,1999-10-19
13.432195,85.745773,16.655,16.694,15.782,1999-10-19
13.380192,85.714684,15.703,15.190,15.059,1999-10-19
13.603490,85.713600,16.012,15.315,15.375,1999-10-19
13.595439,85.721443,15.405,15.071,14.671,1999-10-19
13.679628,85.709740,13.063,12.724,12.632,1999-10-19
13.695234,85.690887,15.914,15.242,14.684,1999-10-19
13.741138,85.737785,16.709,16.364,15.667,1999-10-19
13.817343,85.702599,6.236,5.741,5.616,1999-10-19
13.857584,85.710808,11.417,10.836,10.735,1999-10-19
13.935001,85.731056,16.640,16.357,15.088,1999-10-19
13.885828,85.736351,15.020,14.566,14.384,1999-10-19
13.881376,85.715454,13.812,13.521,13.422,1999-10-19
13.911410,85.692696,16.753,16.133,15.666,1999-10-19
13.882250,85.696899,14.080,13.689,13.644,1999-10-19
13.941206,85.737869,16.562,16.108,15.912,1999-10-19
14.053652,85.698776,13.470,13.010,12.819,1999-10-19
14.096954,85.688530,15.495,15.045,14.851,1999-10-19
14.132654,85.703217,14.433,13.725,13.546,1999-10-19
14.317236,85.716705,15.431,14.859,14.704,1999-10-19
14.352554,85.692223,15.601,15.075,14.770,1999-10-19
14.363633,85.700676,14.250,13.719,13.374,1999-10-19
14.395314,85.711952,12.551,12.065,11.977,1999-10-19
14.375011,85.696053,16.129,15.661,15.520,1999-10-19
14.511419,85.700226,16.607,16.227,16.304,1999-10-19
14.684763,85.705772,16.158,15.419,15.283,1999-10-19
14.717393,85.697693,16.133,15.505,15.055,1999-10-19
14.925160,85.690712,15.249,14.676,14.558,1999-10-19
11.631205,85.755287,15.619,14.967,15.048,1999-10-19
11.696035,85.758484,14.692,14.398,14.341,1999-10-19
11.952430,85.750481,15.077,14.537,14.704,1999-10-19
12.610558,85.758270,14.880,14.553,14.486,1999-10-19
12.817039,85.753609,11.844,11.433,11.319,1999-10-19
13.155696,85.751823,16.738,16.154,17.082,1999-10-19
15.086445,84.840553,14.567,13.950,13.730,1999-10-19
15.162489,84.860931,16.701,16.204,15.523,1999-10-19
15.239000,84.860779,15.527,15.121,15.063,1999-10-19
15.282906,84.855553,16.128,15.236,15.002,1999-10-19
15.303565,84.844109,16.764,16.083,15.454,1999-10-19
15.430348,84.867851,16.012,15.627,15.669,1999-10-19
15.556423,84.866760,14.915,14.268,14.124,1999-10-19
15.014259,84.882210,8.276,7.480,7.289,1999-10-19
15.029309,84.902985,14.524,13.797,13.600,1999-10-19
15.062925,84.928101,16.610,15.693,15.921,1999-10-19
15.147986,84.895027,13.014,12.655,12.606,1999-10-19
15.129749,84.903412,16.504,15.838,15.548,1999-10-19
15.193867,84.887497,15.268,15.038,14.957,1999-10-19
15.224777,84.918053,13.635,13.057,12.984,1999-10-19
15.212745,84.911797,15.048,14.443,14.329,1999-10-19
15.241537,84.927734,16.780,15.648,15.672,1999-10-19
15.240698,84.909332,16.407,15.918,15.696,1999-10-19
15.302809,84.937370,13.410,13.011,12.978,1999-10-19
15.269772,84.905983,16.669,15.687,16.299,1999-10-19
15.374533,84.889473,16.300,15.953,15.725,1999-10-19
15.328355,84.909225,14.978,14.521,14.316,1999-10-19
15.471107,84.895828,16.686,15.985,15.327,1999-10-19
15.491982,84.877815,14.678,14.307,14.201,1999-10-19
15.448988,84.917130,15.300,15.157,14.957,1999-10-19
15.505876,84.880142,14.583,14.250,14.201,1999-10-19
15.517280,84.903725,15.635,15.012,14.922,1999-10-19
15.533342,84.905678,16.049,15.379,15.429,1999-10-19
15.684977,84.910172,16.399,15.643,15.798,1999-10-19
15.698237,84.883537,15.414,14.886,14.985,1999-10-19
15.741611,84.915741,15.192,14.781,14.676,1999-10-19
15.791895,84.900948,15.347,14.837,14.585,1999-10-19
15.811856,84.919426,15.085,14.951,14.757,1999-10-19
15.794736,84.884445,16.196,16.045,15.432,1999-10-19
15.810204,84.904419,16.471,15.815,15.484,1999-10-19
15.893696,84.888000,14.440,14.085,14.016,1999-10-19
15.902352,84.894424,14.821,14.356,14.234,1999-10-19
15.928636,84.888603,15.225,14.747,14.774,1999-10-19
15.908601,84.923134,15.650,14.880,14.684,1999-10-19
15.964218,84.917854,14.634,14.205,14.131,1999-10-19
15.949644,84.931427,14.265,13.571,13.399,1999-10-19
16.008759,84.894241,16.548,15.890,15.377,1999-10-19
16.063802,84.895103,16.660,16.150,16.477,1999-10-19
16.110370,84.909149,15.344,15.257,15.048,1999-10-19
16.139161,84.930984,16.415,16.003,15.635,1999-10-19
16.205427,84.932503,10.956,10.384,10.247,1999-10-19
16.228515,84.931473,14.099,13.735,13.662,1999-10-19
16.200275,84.929749,16.404,16.013,15.544,1999-10-19
16.347513,84.934837,13.581,13.234,13.237,1999-10-19
15.034673,84.967567,16.352,15.753,15.715,1999-10-19
15.044522,84.947304,14.453,13.816,13.577,1999-10-19
15.008827,84.943085,16.720,16.014,15.804,1999-10-19
15.242930,84.991653,14.678,14.412,14.265,1999-10-19
15.227908,84.961044,15.421,14.750,14.393,1999-10-19
15.202311,84.973473,15.017,14.670,14.503,1999-10-19
15.195724,84.955261,16.133,15.362,15.126,1999-10-19
15.187641,84.971008,16.393,15.698,15.283,1999-10-19
15.239334,84.951775,17.068,16.426,15.920,1999-10-19
15.260661,84.972961,15.357,15.205,14.830,1999-10-19
15.304015,84.985374,13.515,12.853,12.714,1999-10-19
15.352112,84.966904,15.542,14.927,14.832,1999-10-19
15.367670,84.940094,10.511,9.939,9.828,1999-10-19
15.374334,84.993500,15.708,15.508,15.109,1999-10-19
15.401404,84.945946,15.436,14.847,14.522,1999-10-19
15.418103,84.985481,16.806,17.052,15.137,1999-10-19
15.401959,84.985909,15.467,15.085,15.139,1999-10-19
15.472532,84.949806,12.637,12.337,12.243,1999-10-19
15.455708,84.969238,15.709,15.196,15.119,1999-10-19
15.483726,84.956879,15.215,14.963,14.788,1999-10-19
15.486750,84.983818,16.722,16.098,16.270,1999-10-19
15.534493,84.976456,16.368,15.964,15.991,1999-10-19
15.563724,84.943810,16.748,15.885,15.570,1999-10-19
15.657228,84.979317,15.573,15.056,14.808,1999-10-19
15.718012,84.957893,14.802,14.232,14.134,1999-10-19
15.733807,84.987404,16.643,15.899,15.866,1999-10-19
15.797104,84.958923,15.749,15.335,15.046,1999-10-19
15.915609,84.997864,16.089,15.781,15.448,1999-10-19
15.920129,84.942596,15.632,15.169,15.187,1999-10-19
15.979579,84.946320,14.218,13.875,13.817,1999-10-19
16.025757,84.977119,15.295,14.915,14.829,1999-10-19
16.027035,84.952995,12.918,12.210,12.062,1999-10-19
16.004860,84.964317,15.919,15.487,15.300,1999-10-19
16.133173,84.961945,15.780,15.118,15.046,1999-10-19
16.200026,84.940842,15.450,14.827,14.799,1999-10-19
16.244821,84.966797,16.652,16.198,15.558,1999-10-19
16.202372,84.945122,15.807,15.415,15.253,1999-10-19
16.243849,84.995056,16.094,15.451,15.337,1999-10-19
16.203437,84.951508,14.409,14.153,13.976,1999-10-19
16.409136,84.991951,16.115,15.556,15.239,1999-10-19
16.425598,84.942345,16.419,15.870,15.356,1999-10-19
16.479364,84.939743,15.794,15.466,15.249,1999-10-19
16.487493,84.982079,15.240,14.627,14.209,1999-10-19
16.491255,84.976318,15.190,14.673,14.774,1999-10-19
16.536644,84.992088,16.592,16.219,15.443,1999-10-19
16.500630,84.955620,16.232,15.774,15.740,1999-10-19
16.589427,84.985062,16.649,15.936,15.327,1999-10-19
16.586191,84.986183,15.003,14.328,14.132,1999-10-19
16.671700,84.992126,16.713,16.128,16.143,1999-10-19
16.634301,84.998627,16.893,16.455,15.998,1999-10-19
16.678104,84.969696,16.646,15.702,15.481,1999-10-19
16.708324,84.988800,16.119,15.118,15.199,1999-10-19
16.715526,84.983147,14.284,13.919,13.771,1999-10-19
16.773988,84.964661,16.594,16.232,14.871,1999-10-19
16.866564,84.970520,15.590,15.324,15.071,1999-10-19
16.887941,84.975800,16.799,15.950,15.718,1999-10-19
16.943625,84.976128,12.703,12.443,12.380,1999-10-19
15.025371,85.013145,15.547,15.279,15.047,1999-10-19
15.078219,85.055542,15.682,15.074,14.970,1999-10-19
15.107672,85.056725,16.617,15.803,17.053,1999-10-19
15.097327,85.062485,15.616,14.928,14.787,1999-10-19
15.139038,85.026672,16.280,15.846,15.628,1999-10-19
15.151125,85.001442,14.360,14.046,14.002,1999-10-19
15.129292,85.047462,14.240,13.746,13.561,1999-10-19
15.145128,85.055527,12.333,11.849,11.710,1999-10-19
15.230333,85.024628,16.683,15.806,15.948,1999-10-19
15.193104,85.059715,16.603,15.889,15.851,1999-10-19
15.220594,85.026474,14.871,14.652,14.457,1999-10-19
15.289310,85.042999,16.344,15.915,15.412,1999-10-19
15.281503,85.034660,16.949,16.019,15.530,1999-10-19
15.275260,85.058479,16.695,15.995,16.240,1999-10-19
15.363230,85.014801,15.941,15.490,15.446,1999-10-19
15.383793,85.011971,16.774,16.062,15.651,1999-10-19
15.381554,85.039452,16.135,15.354,15.082,1999-10-19
15.421454,85.003281,14.471,14.150,14.091,1999-10-19
15.455450,85.020264,16.778,15.823,16.743,1999-10-19
15.485511,85.039528,16.372,16.115,15.356,1999-10-19
15.529196,85.022041,16.334,16.115,15.663,1999-10-19
15.592208,85.007408,16.501,15.892,15.970,1999-10-19
15.592643,85.041008,16.087,15.681,15.469,1999-10-19
15.588561,85.017036,18.025,15.685,16.771,1999-10-19
15.635376,85.021942,16.719,16.253,17.192,1999-10-19
15.725377,85.043205,11.243,10.951,10.923,1999-10-19
15.710491,85.053375,11.239,10.978,10.931,1999-10-19
15.742051,85.009468,16.751,16.699,16.633,1999-10-19
15.726986,85.047432,16.293,16.138,16.065,1999-10-19
15.719339,85.009674,15.494,14.728,14.739,1999-10-19
15.757936,85.007774,15.565,14.823,14.602,1999-10-19
15.959698,85.037651,15.655,15.497,15.408,1999-10-19
15.959917,85.048912,16.357,15.943,15.664,1999-10-19
16.003739,85.017982,15.270,14.560,14.453,1999-10-19
16.059655,85.007103,16.333,15.658,15.734,1999-10-19
16.090094,85.062119,15.035,14.708,14.627,1999-10-19
16.065074,85.040833,13.800,13.152,12.963,1999-10-19
16.107709,85.048370,16.759,15.957,16.182,1999-10-19
16.120214,85.034691,16.590,15.945,15.431,1999-10-19
16.123343,85.044426,14.807,14.544,14.517,1999-10-19
16.127840,85.019630,15.318,14.942,15.015,1999-10-19
16.149999,85.026871,12.016,11.722,11.664,1999-10-19
16.153369,85.060699,16.254,15.631,15.293,1999-10-19
16.222618,85.046288,14.641,14.095,13.628,1999-10-19
16.226037,85.012535,14.965,14.214,14.003,1999-10-19
16.227929,85.020164,16.723,15.661,15.733,1999-10-19
16.285004,85.016960,16.780,15.792,15.608,1999-10-19
16.288125,85.049088,16.189,15.711,15.564,1999-10-19
16.325807,85.033516,16.628,16.035,15.957,1999-10-19
16.367823,85.042397,15.952,15.591,15.547,1999-10-19
16.390893,85.013161,12.707,12.351,12.302,1999-10-19
16.442582,85.027649,16.004,15.718,15.504,1999-10-19
16.485720,85.025513,11.589,11.315,11.256,1999-10-19
16.496222,85.041283,16.599,15.507,15.439,1999-10-19
16.484726,85.055779,16.153,15.502,15.500,1999-10-19
16.533316,85.027199,16.271,16.160,15.777,1999-10-19
16.545556,85.015678,14.536,14.096,14.132,1999-10-19
16.515887,85.019272,15.445,14.667,14.487,1999-10-19
16.578408,85.003334,15.315,14.658,14.448,1999-10-19
16.623911,85.012405,15.506,14.947,14.719,1999-10-19
16.664989,85.020874,16.561,15.984,15.667,1999-10-19
16.682867,85.019051,15.469,14.828,14.759,1999-10-19
16.697628,85.034439,15.372,14.817,14.818,1999-10-19
16.695239,85.028038,16.021,15.271,15.252,1999-10-19
16.713713,85.018135,16.757,15.820,16.730,1999-10-19
16.802414,85.044342,16.471,15.838,15.386,1999-10-19
16.859598,85.046173,16.571,15.658,15.796,1999-10-19
16.824971,85.055916,16.741,16.154,15.979,1999-10-19
16.887482,85.028114,16.716,15.970,15.431,1999-10-19
16.995715,85.000053,16.415,15.866,15.708,1999-10-19
17.007228,85.059242,15.074,14.582,14.581,1999-10-19
17.067138,85.051758,13.802,13.522,13.474,1999-10-19
17.088034,85.001472,16.754,16.056,15.702,1999-10-19
17.082703,85.048409,16.101,15.614,15.233,1999-10-19
17.131922,85.050781,14.550,14.217,13.988,1999-10-19
17.232778,85.022942,16.917,16.087,15.796,1999-10-19
17.285978,85.033867,14.572,14.108,13.990,1999-10-19
17.326301,85.035255,15.912,15.553,15.106,1999-10-19
17.376099,85.038803,15.239,14.903,14.856,1999-10-19
17.392945,85.047447,15.651,15.333,15.162,1999-10-19
17.440678,85.047745,14.480,14.140,14.017,1999-10-19
15.037082,85.123161,16.930,16.145,15.354,1999-10-19
15.185366,85.082024,15.889,15.364,14.992,1999-10-19
15.226327,85.120659,16.211,15.387,14.872,1999-10-19
15.202014,85.107269,16.039,15.448,14.860,1999-10-19
15.222838,85.065315,14.254,13.586,13.384,1999-10-19
15.273780,85.064682,16.516,16.133,15.834,1999-10-19
15.254680,85.121552,15.110,14.448,14.194,1999-10-19
15.294938,85.094849,16.657,15.931,15.229,1999-10-19
15.316804,85.081169,15.377,15.157,14.958,1999-10-19
15.364986,85.079948,17.189,16.114,15.359,1999-10-19
15.358960,85.095909,16.296,15.944,15.703,1999-10-19
15.425640,85.071999,15.183,14.583,14.444,1999-10-19
15.390909,85.072823,16.051,15.535,15.176,1999-10-19
15.390621,85.071213,14.955,14.564,14.393,1999-10-19
15.431882,85.106606,16.538,15.904,15.773,1999-10-19
15.380567,85.104897,14.636,14.094,13.846,1999-10-19
15.451446,85.105881,15.037,14.756,14.693,1999-10-19
15.487277,85.084923,16.079,15.671,15.356,1999-10-19
15.466934,85.109154,8.889,8.098,7.909,1999-10-19
15.529111,85.075485,12.981,12.437,12.362,1999-10-19
15.555131,85.120728,15.171,14.532,13.869,1999-10-19
15.607191,85.093857,16.679,15.673,15.319,1999-10-19
15.634871,85.105522,16.831,16.071,16.111,1999-10-19
15.735509,85.104614,16.885,15.967,15.613,1999-10-19
15.784098,85.102753,12.960,12.648,12.572,1999-10-19
15.872719,85.094543,14.612,14.235,14.183,1999-10-19
15.860520,85.115707,16.353,15.387,15.425,1999-10-19
15.961270,85.071899,15.366,14.766,14.870,1999-10-19
16.102409,85.071365,14.189,13.877,13.869,1999-10-19
16.063035,85.124458,16.102,15.756,15.401,1999-10-19
16.069450,85.064285,14.664,14.147,14.074,1999-10-19
16.118909,85.088692,15.476,15.008,14.860,1999-10-19
16.101894,85.116447,15.402,14.864,14.646,1999-10-19
16.151455,85.088295,14.865,14.640,14.449,1999-10-19
16.157817,85.080673,16.724,16.465,15.926,1999-10-19
16.218101,85.074615,15.675,15.121,14.967,1999-10-19
16.226883,85.078262,11.808,11.564,11.537,1999-10-19
16.295519,85.075356,15.687,14.984,15.048,1999-10-19
16.303564,85.093765,16.937,16.246,15.527,1999-10-19
16.280311,85.097160,15.496,14.806,14.276,1999-10-19
16.252059,85.087364,14.040,13.555,13.458,1999-10-19
16.254021,85.093933,16.365,15.706,15.623,1999-10-19
16.343097,85.097374,16.659,16.307,15.380,1999-10-19
16.329589,85.073357,13.043,12.716,12.648,1999-10-19
16.370715,85.086586,15.472,14.947,14.867,1999-10-19
16.351237,85.087021,16.791,15.942,15.291,1999-10-19
16.437266,85.118256,14.341,14.063,13.965,1999-10-19
16.421222,85.080482,15.984,15.931,15.628,1999-10-19
16.377086,85.112595,16.657,15.597,15.364,1999-10-19
16.402564,85.115250,16.806,15.985,15.522,1999-10-19
16.434187,85.113518,14.472,13.950,13.869,1999-10-19
16.429355,85.105095,16.239,15.500,15.341,1999-10-19
16.425316,85.084801,16.707,15.989,16.265,1999-10-19
16.465295,85.117149,16.049,15.626,15.764,1999-10-19
16.488655,85.106209,16.360,15.941,15.627,1999-10-19
16.479302,85.112679,16.304,15.560,15.173,1999-10-19
16.447090,85.101135,14.834,14.291,14.331,1999-10-19
16.482370,85.097870,15.552,14.733,14.771,1999-10-19
16.462295,85.097107,14.964,14.309,14.282,1999-10-19
16.598446,85.100929,15.045,14.385,14.158,1999-10-19
16.622290,85.118584,15.226,14.954,14.742,1999-10-19
16.629259,85.072189,16.516,15.663,15.582,1999-10-19
16.683131,85.097687,14.899,14.543,14.608,1999-10-19
16.724707,85.124657,14.016,13.658,13.614,1999-10-19
16.701425,85.098557,15.626,14.926,14.445,1999-10-19
16.736352,85.095215,10.742,10.450,10.424,1999-10-19
16.743991,85.098000,16.688,16.003,15.985,1999-10-19
16.720689,85.062599,17.220,16.322,15.557,1999-10-19
16.762676,85.104004,15.864,15.525,15.545,1999-10-19
16.825812,85.124413,13.906,13.272,13.182,1999-10-19
16.845056,85.084312,15.719,15.140,15.126,1999-10-19
16.831363,85.089073,14.375,13.954,13.870,1999-10-19
16.914774,85.068680,13.024,12.452,12.281,1999-10-19
16.899576,85.074005,16.334,15.571,15.272,1999-10-19
16.941479,85.094780,16.407,15.936,15.806,1999-10-19
16.951014,85.115967,14.912,14.411,14.351,1999-10-19
16.938963,85.103706,11.403,11.074,10.994,1999-10-19
17.000799,85.097260,14.914,14.256,14.063,1999-10-19
17.022759,85.088142,15.828,15.357,14.643,1999-10-19
17.165507,85.088448,15.075,14.617,14.400,1999-10-19
17.150426,85.070061,11.831,11.287,11.147,1999-10-19
17.183483,85.111519,14.106,13.811,13.739,1999-10-19
17.214135,85.096786,16.675,15.700,15.708,1999-10-19
17.210235,85.089851,15.279,14.912,15.099,1999-10-19
17.407638,85.086945,15.503,14.841,14.513,1999-10-19
17.439303,85.062576,16.709,16.334,15.718,1999-10-19
17.557728,85.101463,14.141,13.627,13.548,1999-10-19
17.569911,85.119446,12.351,11.767,11.689,1999-10-19
17.615002,85.097267,12.099,11.690,12.798,1999-10-19
17.626249,85.097198,11.773,11.394,11.451,1999-10-19
17.835377,85.124657,16.404,15.715,15.683,1999-10-19
15.087017,85.160889,14.328,13.614,13.419,1999-10-19
15.116840,85.152016,16.513,16.255,16.278,1999-10-19
15.085866,85.164940,15.015,14.463,14.269,1999-10-19
15.141812,85.150322,16.291,15.545,15.278,1999-10-19
15.142002,85.134323,13.621,13.119,12.937,1999-10-19
15.177093,85.140457,16.358,15.993,15.161,1999-10-19
15.175445,85.163460,15.186,15.033,15.051,1999-10-19
15.233572,85.156448,16.378,15.801,15.921,1999-10-19
15.241072,85.151436,16.220,16.040,15.620,1999-10-19
15.208952,85.145828,16.407,15.527,15.432,1999-10-19
15.196527,85.154083,16.458,16.438,16.583,1999-10-19
15.261129,85.136078,15.289,14.740,14.915,1999-10-19
15.273690,85.129219,16.386,15.929,15.559,1999-10-19
15.306570,85.148064,14.304,13.943,13.758,1999-10-19
15.311099,85.179008,15.888,15.274,15.298,1999-10-19
15.317316,85.184669,16.602,16.224,15.932,1999-10-19
15.384033,85.172668,15.956,15.388,15.405,1999-10-19
15.407957,85.187027,15.108,14.730,14.607,1999-10-19
15.404637,85.147781,15.860,15.463,15.319,1999-10-19
15.465091,85.159637,14.849,14.489,14.372,1999-10-19
15.445096,85.156792,16.701,16.363,16.444,1999-10-19
15.454489,85.176880,14.870,14.424,14.381,1999-10-19
15.451785,85.162102,14.762,14.184,14.037,1999-10-19
15.499439,85.133026,17.199,16.396,15.494,1999-10-19
15.502525,85.128792,17.061,16.016,15.378,1999-10-19
15.545826,85.187355,15.734,15.487,15.127,1999-10-19
15.623099,85.174385,16.339,15.746,15.636,1999-10-19
15.593127,85.173836,13.559,13.182,13.074,1999-10-19
15.671104,85.158752,16.358,15.759,15.267,1999-10-19
15.648516,85.125786,17.004,15.972,15.643,1999-10-19
15.644468,85.140076,16.211,15.560,15.257,1999-10-19
15.695688,85.126579,16.378,15.841,15.892,1999-10-19
15.903510,85.185783,16.196,15.634,15.036,1999-10-19
15.921410,85.130699,16.191,15.574,15.180,1999-10-19
15.940427,85.174095,16.384,15.739,15.307,1999-10-19
15.937943,85.168488,16.349,15.876,15.296,1999-10-19
16.055814,85.151436,16.778,15.989,15.153,1999-10-19
16.105017,85.125008,16.624,15.800,15.530,1999-10-19
16.108715,85.152649,16.322,15.628,15.522,1999-10-19
16.234126,85.159149,15.923,15.416,15.712,1999-10-19
16.235843,85.155602,12.355,12.074,12.019,1999-10-19
16.202061,85.129158,12.949,12.683,12.667,1999-10-19
16.253557,85.144333,16.371,15.838,15.443,1999-10-19
16.312072,85.136559,14.657,14.015,13.947,1999-10-19
16.290489,85.147102,15.535,14.834,14.689,1999-10-19
16.310717,85.186386,13.982,13.716,13.742,1999-10-19
16.392806,85.125954,10.916,10.350,10.238,1999-10-19
16.391496,85.132736,16.546,15.703,14.845,1999-10-19
16.379977,85.143303,15.538,15.085,14.669,1999-10-19
16.426988,85.165405,15.883,15.408,15.613,1999-10-19
16.457251,85.149361,15.956,15.632,15.553,1999-10-19
16.514426,85.176849,16.410,15.888,15.586,1999-10-19
16.558071,85.168396,16.256,15.868,15.386,1999-10-19
16.559490,85.174614,16.692,15.902,15.848,1999-10-19
16.569963,85.134048,14.209,13.899,13.863,1999-10-19
16.621394,85.144218,16.655,16.223,17.194,1999-10-19
16.667189,85.144150,14.580,13.958,13.899,1999-10-19
16.716172,85.153931,16.657,16.437,15.463,1999-10-19
16.767259,85.152100,16.606,16.298,15.681,1999-10-19
16.864877,85.180466,16.759,16.400,17.131,1999-10-19
16.867862,85.129593,13.736,13.405,13.343,1999-10-19
16.885829,85.141296,16.479,15.601,14.892,1999-10-19
16.898765,85.161148,14.698,14.361,14.359,1999-10-19
16.998634,85.182175,16.359,15.991,15.997,1999-10-19
17.003213,85.129898,16.480,16.063,15.586,1999-10-19
17.115333,85.174126,15.438,14.934,14.945,1999-10-19
17.113577,85.144234,16.897,15.848,15.732,1999-10-19
17.065995,85.155022,12.460,11.882,11.791,1999-10-19
17.146736,85.130943,16.686,15.924,15.888,1999-10-19
17.234403,85.138664,15.601,15.309,15.236,1999-10-19
17.194475,85.132568,15.223,14.499,14.377,1999-10-19
17.355276,85.133560,14.080,13.365,13.061,1999-10-19
17.393800,85.184784,16.518,16.186,16.048,1999-10-19
17.456693,85.129089,16.228,15.548,15.290,1999-10-19
17.464672,85.164673,13.963,13.585,13.495,1999-10-19
17.533673,85.184013,15.861,15.381,15.234,1999-10-19
17.587207,85.166702,15.515,14.784,14.659,1999-10-19
17.610678,85.171288,14.262,13.844,13.736,1999-10-19
17.583980,85.137627,16.114,15.427,15.468,1999-10-19
17.727924,85.171669,15.383,14.927,14.812,1999-10-19
17.747768,85.127281,16.053,15.686,15.585,1999-10-19
17.741983,85.134201,16.639,15.620,15.415,1999-10-19
17.745209,85.125885,16.076,15.323,15.522,1999-10-19
17.783733,85.186188,15.799,15.031,14.797,1999-10-19
17.795569,85.128761,16.528,15.861,16.060,1999-10-19
17.844644,85.177666,15.508,15.017,14.899,1999-10-19
17.936684,85.177971,16.475,15.818,15.628,1999-10-19
17.911449,85.159470,16.063,15.613,15.404,1999-10-19
17.996057,85.172951,13.676,13.166,13.037,1999-10-19
15.078050,85.220184,16.813,16.044,15.474,1999-10-19
15.151778,85.248810,15.396,14.709,14.566,1999-10-19
15.146894,85.189751,16.734,16.152,15.708,1999-10-19
15.190523,85.218018,17.671,17.589,15.232,1999-10-19
15.209062,85.242889,15.107,14.887,14.564,1999-10-19
15.273558,85.246048,16.425,15.772,16.167,1999-10-19
15.250089,85.193832,16.654,15.722,15.836,1999-10-19
15.424520,85.214355,16.722,15.919,15.735,1999-10-19
15.427028,85.213821,16.787,15.924,15.683,1999-10-19
15.400313,85.206253,15.402,15.100,14.848,1999-10-19
15.465455,85.217773,16.594,15.556,15.549,1999-10-19
15.543797,85.243454,15.258,14.631,14.441,1999-10-19
15.522241,85.236313,14.400,14.086,13.976,1999-10-19
15.512564,85.193550,16.095,16.048,15.454,1999-10-19
15.548780,85.242096,15.878,15.500,15.461,1999-10-19
15.614957,85.213982,16.110,15.352,14.967,1999-10-19
15.635737,85.232887,12.944,12.626,12.529,1999-10-19
15.729381,85.212044,15.123,14.468,14.262,1999-10-19
15.730702,85.210564,14.511,13.872,13.629,1999-10-19
15.724043,85.197189,16.627,15.635,15.640,1999-10-19
15.846634,85.197052,15.911,15.268,15.023,1999-10-19
15.906833,85.199417,14.345,13.712,13.579,1999-10-19
15.930844,85.193733,16.367,15.756,15.567,1999-10-19
15.982931,85.217606,15.567,15.006,14.337,1999-10-19
15.951667,85.188988,14.831,14.130,14.037,1999-10-19
15.946956,85.206543,13.728,13.353,13.323,1999-10-19
15.957489,85.209511,12.370,11.843,11.742,1999-10-19
16.026480,85.246140,14.610,14.240,14.170,1999-10-19
16.031466,85.193481,14.798,14.140,14.106,1999-10-19
16.106754,85.234184,16.769,16.187,15.593,1999-10-19
16.064486,85.233910,15.843,15.294,15.420,1999-10-19
16.129315,85.223114,12.686,12.264,12.130,1999-10-19
16.149826,85.210663,15.553,14.882,14.647,1999-10-19
16.224270,85.234810,15.992,15.551,15.477,1999-10-19
16.189526,85.226585,15.550,15.265,14.965,1999-10-19
16.194280,85.200546,15.840,15.414,15.102,1999-10-19
16.314816,85.199600,15.722,14.962,14.599,1999-10-19
16.367147,85.208389,16.278,14.917,14.971,1999-10-19
16.317802,85.241432,16.196,15.583,15.077,1999-10-19
16.431549,85.212685,13.489,12.948,12.803,1999-10-19
16.387026,85.233727,15.560,14.892,14.681,1999-10-19
16.375974,85.207130,14.058,13.754,13.679,1999-10-19
16.431531,85.244789,9.983,9.809,9.766,1999-10-19
16.402640,85.222443,15.708,15.575,15.369,1999-10-19
16.401465,85.243004,15.528,15.048,14.859,1999-10-19
16.390713,85.222992,16.068,15.819,15.239,1999-10-19
16.500799,85.216774,16.496,16.156,16.526,1999-10-19
16.529754,85.193733,16.150,15.535,15.412,1999-10-19
16.572770,85.243904,16.079,15.484,15.162,1999-10-19
16.675206,85.193901,16.542,15.629,15.673,1999-10-19
16.635324,85.187889,15.395,14.676,14.551,1999-10-19
16.723265,85.201195,13.692,13.386,13.376,1999-10-19
16.762767,85.236923,16.756,15.601,15.932,1999-10-19
16.759248,85.197716,15.929,15.594,15.270,1999-10-19
16.799234,85.200882,16.714,16.024,15.869,1999-10-19
16.816011,85.220703,16.867,16.434,15.732,1999-10-19
16.876435,85.228844,16.599,15.867,16.061,1999-10-19
16.912895,85.197708,16.199,15.516,15.800,1999-10-19
16.934669,85.200745,16.403,16.194,15.814,1999-10-19
16.983521,85.226830,15.015,14.722,14.607,1999-10-19
16.950264,85.216858,15.770,14.980,14.908,1999-10-19
16.968598,85.219566,15.402,14.687,14.457,1999-10-19
17.035282,85.208664,15.475,14.791,14.778,1999-10-19
17.070441,85.213326,16.551,16.041,15.648,1999-10-19
17.092656,85.196342,15.930,15.251,15.543,1999-10-19
17.132422,85.214996,14.773,14.448,14.386,1999-10-19
17.244656,85.217270,13.771,13.054,12.949,1999-10-19
17.260521,85.249786,15.623,15.000,14.712,1999-10-19
17.272224,85.242638,16.386,15.923,15.724,1999-10-19
17.418097,85.202332,16.311,15.925,15.412,1999-10-19
17.379133,85.206680,16.426,15.855,15.519,1999-10-19
17.432935,85.190620,14.248,13.943,13.879,1999-10-19
17.525931,85.241035,11.070,10.783,10.738,1999-10-19
17.608982,85.232826,16.223,15.478,14.962,1999-10-19
17.570300,85.243011,16.702,16.242,15.163,1999-10-19
17.710107,85.244759,14.350,13.740,13.416,1999-10-19
17.755598,85.235168,17.146,16.266,15.309,1999-10-19
17.768037,85.222748,16.949,16.133,15.822,1999-10-19
17.863036,85.245888,14.415,13.835,13.604,1999-10-19
17.835119,85.235168,15.509,15.128,15.079,1999-10-19
17.835020,85.215034,16.712,16.265,15.377,1999-10-19
17.933804,85.191887,14.738,14.143,13.966,1999-10-19
17.901755,85.230591,15.715,15.153,14.748,1999-10-19
18.038793,85.230125,12.259,11.688,11.602,1999-10-19
18.059567,85.236053,16.727,16.456,15.691,1999-10-19
18.104278,85.221992,16.683,15.920,15.143,1999-10-19
15.044604,85.285576,15.457,14.847,14.887,1999-10-19
15.057280,85.261757,16.160,15.547,15.343,1999-10-19
15.112580,85.294930,16.017,15.548,15.720,1999-10-19
15.110149,85.279335,14.265,13.965,13.764,1999-10-19
15.191806,85.271500,15.405,14.940,14.793,1999-10-19
15.307000,85.263771,16.636,15.577,15.251,1999-10-19
15.323348,85.297546,14.996,14.704,14.533,1999-10-19
15.316409,85.268211,16.270,15.544,17.120,1999-10-19
15.314364,85.284653,15.458,14.976,14.757,1999-10-19
15.343912,85.254547,15.979,15.420,15.294,1999-10-19
15.397435,85.252800,11.802,11.236,11.104,1999-10-19
15.482352,85.269966,14.833,14.444,14.358,1999-10-19
15.498855,85.293854,14.413,13.747,13.726,1999-10-19
15.487850,85.299217,14.429,13.882,13.786,1999-10-19
15.525775,85.293999,15.675,14.993,14.999,1999-10-19
15.529465,85.312172,17.193,16.105,15.890,1999-10-19
15.590823,85.304146,16.582,15.822,15.524,1999-10-19
15.664249,85.251839,16.401,16.185,15.311,1999-10-19
15.667597,85.250938,16.572,15.968,15.031,1999-10-19
15.720014,85.298973,10.452,9.835,9.652,1999-10-19
15.706623,85.259613,16.571,16.087,15.857,1999-10-19
15.806544,85.287491,16.768,16.142,15.982,1999-10-19
15.842043,85.278938,16.236,15.441,15.152,1999-10-19
15.865196,85.294609,16.657,16.113,16.063,1999-10-19
15.904007,85.285820,16.766,15.732,14.972,1999-10-19
15.911604,85.292305,16.681,15.733,15.660,1999-10-19
15.886928,85.290634,16.132,15.718,15.599,1999-10-19
15.926495,85.272614,16.349,16.196,15.606,1999-10-19
15.961247,85.302292,16.248,15.595,15.386,1999-10-19
15.946862,85.256104,14.587,14.287,14.136,1999-10-19
15.962184,85.291420,16.301,15.702,14.867,1999-10-19
15.952448,85.309258,16.434,15.668,15.372,1999-10-19
15.971486,85.296082,16.413,15.408,14.907,1999-10-19
16.013061,85.273460,16.338,16.048,15.638,1999-10-19
16.009916,85.283142,10.507,9.984,9.855,1999-10-19
16.059374,85.303612,15.156,14.479,14.286,1999-10-19
16.062724,85.252167,12.970,12.649,12.629,1999-10-19
16.126947,85.274544,14.666,14.321,14.277,1999-10-19
16.156928,85.280067,16.119,15.964,15.651,1999-10-19
16.161510,85.291039,14.991,14.497,14.364,1999-10-19
16.235272,85.280746,16.638,16.066,15.548,1999-10-19
16.282685,85.290451,14.880,14.381,14.382,1999-10-19
16.309508,85.266869,16.590,15.870,15.623,1999-10-19
16.317876,85.298340,16.279,15.986,15.425,1999-10-19
16.355291,85.298340,13.015,12.309,12.171,1999-10-19
16.422114,85.310349,16.468,16.178,15.889,1999-10-19
16.401659,85.275780,16.568,15.961,15.933,1999-10-19
16.430163,85.276909,13.512,13.141,13.069,1999-10-19
16.430171,85.287773,15.365,15.075,15.137,1999-10-19
16.467982,85.306831,17.067,16.019,15.934,1999-10-19
16.440299,85.303291,16.333,15.774,15.323,1999-10-19
16.468407,85.286469,14.556,13.931,13.920,1999-10-19
16.497621,85.267616,15.794,15.050,14.908,1999-10-19
16.635235,85.251106,14.882,14.379,14.285,1999-10-19
16.631294,85.298393,15.255,14.728,14.602,1999-10-19
16.638420,85.258911,15.588,14.901,14.822,1999-10-19
16.746112,85.280426,16.617,15.631,15.966,1999-10-19
16.756923,85.270149,15.515,15.137,14.978,1999-10-19
16.796035,85.253868,13.011,12.380,12.261,1999-10-19
16.795095,85.264793,16.851,16.119,15.926,1999-10-19
16.755758,85.306923,15.788,15.445,15.680,1999-10-19
16.759401,85.257858,16.009,15.237,15.084,1999-10-19
16.862869,85.303162,14.768,14.367,14.264,1999-10-19
16.857242,85.275436,16.747,15.304,14.565,1999-10-19
16.896085,85.294975,12.490,12.187,12.093,1999-10-19
16.972638,85.277069,16.622,16.228,15.506,1999-10-19
17.124682,85.275574,14.992,14.262,14.104,1999-10-19
17.139710,85.305878,15.738,15.451,15.468,1999-10-19
17.165667,85.288277,14.675,14.306,14.274,1999-10-19
17.199219,85.272179,15.850,15.345,15.346,1999-10-19
17.215026,85.298927,9.970,9.409,9.323,1999-10-19
17.247708,85.309746,16.553,16.352,15.629,1999-10-19
17.249590,85.268898,16.726,15.842,15.511,1999-10-19
17.330310,85.268173,15.062,14.717,14.740,1999-10-19
17.336264,85.305222,15.749,15.034,14.801,1999-10-19
17.440543,85.299095,14.508,14.142,14.114,1999-10-19
17.552198,85.268723,15.758,15.526,15.487,1999-10-19
17.619589,85.252068,16.567,14.976,14.589,1999-10-19
17.624762,85.251823,15.732,15.621,15.151,1999-10-19
17.617068,85.253853,16.012,15.376,15.067,1999-10-19
17.662379,85.284363,10.916,10.553,10.510,1999-10-19
17.631475,85.293083,16.088,15.504,15.046,1999-10-19
17.690131,85.263969,15.254,14.682,14.648,1999-10-19
17.697109,85.285370,16.721,15.472,15.687,1999-10-19
17.795385,85.293381,11.753,11.142,11.046,1999-10-19
17.826568,85.250099,16.349,15.666,15.391,1999-10-19
17.858476,85.261566,15.739,15.301,14.972,1999-10-19
17.988731,85.297234,16.291,15.534,15.467,1999-10-19
18.038462,85.266670,14.555,13.831,13.631,1999-10-19
18.062037,85.272728,16.165,15.485,15.398,1999-10-19
18.116977,85.307632,16.017,15.857,15.665,1999-10-19
18.135042,85.253510,16.122,15.640,15.034,1999-10-19
18.146900,85.272606,14.853,14.312,14.248,1999-10-19
15.015899,85.369835,15.806,15.293,15.177,1999-10-19
15.092553,85.346657,13.752,13.240,12.934,1999-10-19
15.215111,85.346390,16.649,15.789,15.420,1999-10-19
15.204082,85.351410,16.486,15.951,15.658,1999-10-19
15.261854,85.346138,17.056,16.272,15.954,1999-10-19
15.253752,85.340271,15.107,14.456,14.413,1999-10-19
15.335442,85.350220,16.492,16.110,15.594,1999-10-19
15.367152,85.333351,13.856,13.566,13.632,1999-10-19
15.426469,85.352890,16.689,16.020,16.586,1999-10-19
15.398695,85.373749,12.774,12.250,12.167,1999-10-19
15.399898,85.358627,16.745,15.644,15.594,1999-10-19
15.533484,85.319305,16.632,15.908,15.735,1999-10-19
15.612244,85.370216,16.762,15.859,15.895,1999-10-19
15.658388,85.373650,15.463,14.787,14.629,1999-10-19
15.753112,85.318924,15.434,15.208,15.017,1999-10-19
15.779980,85.361534,16.048,15.462,15.482,1999-10-19
15.762061,85.316742,16.616,16.222,16.361,1999-10-19
15.787191,85.324699,14.102,13.490,13.201,1999-10-19
15.781458,85.357002,16.129,16.040,15.291,1999-10-19
15.809244,85.335144,16.144,15.832,15.394,1999-10-19
15.857345,85.358337,14.838,14.346,14.359,1999-10-19
15.854214,85.356117,13.383,13.040,13.031,1999-10-19
15.849936,85.343201,15.465,15.175,15.098,1999-10-19
15.885612,85.317902,16.150,15.876,15.946,1999-10-19
15.916858,85.341026,14.339,14.008,13.913,1999-10-19
15.919712,85.334663,16.158,15.518,15.282,1999-10-19
15.922715,85.324638,14.271,13.783,13.740,1999-10-19
15.973770,85.351944,13.142,12.670,12.582,1999-10-19
15.948696,85.359123,15.618,14.854,14.756,1999-10-19
15.943942,85.356644,15.609,14.985,14.647,1999-10-19
15.997592,85.374466,14.921,14.681,14.720,1999-10-19
16.029542,85.333267,15.681,15.233,14.908,1999-10-19
16.038468,85.330376,13.722,13.157,13.113,1999-10-19
16.003918,85.346062,16.697,15.913,15.375,1999-10-19
16.142866,85.332130,15.077,14.427,14.281,1999-10-19
16.156584,85.312721,14.085,13.639,13.502,1999-10-19
16.236372,85.328041,16.386,15.793,15.648,1999-10-19
16.237188,85.319138,15.601,15.058,14.784,1999-10-19
16.202379,85.348534,16.480,16.048,15.308,1999-10-19
16.194550,85.368073,13.895,13.602,13.494,1999-10-19
16.278020,85.357552,15.000,14.694,14.431,1999-10-19
16.271080,85.373215,11.785,11.470,11.408,1999-10-19
16.309962,85.321793,15.168,14.822,14.751,1999-10-19
16.275172,85.347397,15.496,14.789,14.644,1999-10-19
16.338492,85.339470,15.286,14.585,14.584,1999-10-19
16.377528,85.341431,17.028,16.123,15.819,1999-10-19
16.384878,85.327751,14.057,13.449,13.228,1999-10-19
16.441331,85.335403,15.595,15.411,15.391,1999-10-19
16.500063,85.331665,11.551,11.211,11.113,1999-10-19
16.549370,85.355736,15.376,14.917,14.653,1999-10-19
16.621948,85.316643,15.516,14.982,14.856,1999-10-19
16.667493,85.374786,15.423,14.897,14.857,1999-10-19
16.672317,85.339745,15.681,15.155,14.733,1999-10-19
16.749194,85.351868,15.519,14.801,14.273,1999-10-19
16.707633,85.353600,15.210,14.849,14.843,1999-10-19
16.723728,85.355865,16.327,15.812,15.851,1999-10-19
16.724373,85.361450,15.401,14.700,14.320,1999-10-19
16.761726,85.355469,14.708,14.088,13.767,1999-10-19
16.774826,85.337257,13.408,13.104,13.069,1999-10-19
16.835641,85.314499,13.976,13.656,13.631,1999-10-19
16.893306,85.343681,15.526,15.053,15.110,1999-10-19
17.027836,85.335739,15.054,14.403,14.242,1999-10-19
17.031704,85.368805,15.709,15.118,14.954,1999-10-19
17.166186,85.328224,12.795,12.428,12.345,1999-10-19
17.206576,85.338799,15.949,15.391,15.743,1999-10-19
17.231437,85.357803,14.941,14.287,14.260,1999-10-19
17.263808,85.345757,16.708,15.963,16.631,1999-10-19
17.310491,85.334099,16.436,16.125,16.872,1999-10-19
17.376831,85.363869,14.849,14.595,14.577,1999-10-19
17.377952,85.360275,13.483,13.193,13.070,1999-10-19
17.416116,85.321785,16.626,15.599,15.373,1999-10-19
17.478807,85.357620,14.725,14.251,14.324,1999-10-19
17.449104,85.359085,15.545,15.262,15.206,1999-10-19
17.530984,85.324654,11.396,11.113,11.030,1999-10-19
17.572742,85.349846,15.183,14.597,14.657,1999-10-19
17.671351,85.374710,15.960,15.595,15.249,1999-10-19
17.705722,85.362694,16.154,15.190,15.180,1999-10-19
17.743239,85.368523,14.978,14.384,14.323,1999-10-19
17.826712,85.337349,16.519,15.661,15.729,1999-10-19
17.851802,85.356506,16.072,15.670,15.418,1999-10-19
17.872528,85.354515,16.285,15.376,15.215,1999-10-19
17.823202,85.346748,13.400,13.116,12.985,1999-10-19
17.885583,85.331528,16.366,15.767,15.479,1999-10-19
17.968289,85.346207,16.051,15.257,14.942,1999-10-19
18.039181,85.336540,12.245,11.890,11.862,1999-10-19
18.106354,85.324059,16.799,16.232,15.551,1999-10-19
18.115579,85.331711,16.012,15.451,15.598,1999-10-19
18.068050,85.355751,16.502,15.762,15.696,1999-10-19
18.063901,85.352051,17.089,16.631,15.724,1999-10-19
15.058923,85.401619,15.672,15.141,14.946,1999-10-19
15.011305,85.377861,16.509,15.769,15.688,1999-10-19
15.043067,85.435516,15.821,15.386,15.396,1999-10-19
15.060217,85.436775,16.619,16.295,15.975,1999-10-19
15.216487,85.388153,13.403,12.694,12.547,1999-10-19
15.228318,85.403618,13.307,13.030,12.947,1999-10-19
15.265171,85.376045,16.122,15.631,15.286,1999-10-19
15.255691,85.421776,13.054,12.695,12.654,1999-10-19
15.319035,85.413498,15.706,15.067,15.013,1999-10-19
15.323180,85.419075,16.074,15.777,15.753,1999-10-19
15.314569,85.410774,11.778,11.523,11.440,1999-10-19
15.325490,85.433350,15.878,15.369,15.381,1999-10-19
15.406121,85.411758,15.950,15.491,15.704,1999-10-19
15.397409,85.401962,16.485,15.952,16.927,1999-10-19
15.497476,85.388657,13.255,12.985,12.879,1999-10-19
15.448020,85.407097,14.036,13.584,13.530,1999-10-19
15.450857,85.415695,15.571,14.929,14.717,1999-10-19
15.461177,85.400093,11.693,11.447,11.385,1999-10-19
15.463321,85.394852,15.853,15.330,15.272,1999-10-19
15.507336,85.408424,16.130,15.720,15.994,1999-10-19
15.597100,85.397003,12.538,12.320,12.279,1999-10-19
15.585315,85.398300,15.364,14.932,14.628,1999-10-19
15.632569,85.425659,15.543,14.944,14.636,1999-10-19
15.633782,85.431221,15.092,14.402,14.212,1999-10-19
15.652294,85.407646,15.443,14.925,15.004,1999-10-19
15.729065,85.416794,14.067,13.744,13.657,1999-10-19
15.729120,85.409752,15.280,14.699,14.526,1999-10-19
15.811348,85.388229,15.792,15.533,15.527,1999-10-19
15.787846,85.426804,16.909,15.736,15.728,1999-10-19
15.874782,85.416275,17.110,16.118,16.073,1999-10-19
15.832634,85.404938,13.731,13.324,13.304,1999-10-19
15.935454,85.414398,14.442,14.112,14.084,1999-10-19
15.918372,85.377876,15.818,15.178,15.127,1999-10-19
15.898062,85.378876,16.122,15.938,15.736,1999-10-19
16.118011,85.413010,16.009,15.607,15.628,1999-10-19
16.129820,85.404457,12.957,12.555,12.474,1999-10-19
16.173018,85.410706,15.595,15.324,15.102,1999-10-19
16.224055,85.410225,16.065,15.495,15.296,1999-10-19
16.311238,85.411896,16.699,15.987,16.130,1999-10-19
16.307190,85.415436,16.049,15.163,14.852,1999-10-19
16.292285,85.382378,17.090,16.446,15.797,1999-10-19
16.293227,85.415298,16.291,15.198,14.944,1999-10-19
16.325173,85.422668,15.429,15.147,15.022,1999-10-19
16.348160,85.376831,13.965,13.606,13.509,1999-10-19
16.429468,85.429817,13.790,13.132,12.963,1999-10-19
16.392480,85.381691,14.241,13.902,13.885,1999-10-19
16.465337,85.390617,15.703,15.370,15.374,1999-10-19
16.516412,85.392288,16.599,16.163,15.702,1999-10-19
16.558181,85.433960,16.570,15.847,15.622,1999-10-19
16.632665,85.376976,15.705,15.028,15.043,1999-10-19
16.716319,85.396400,14.353,13.981,13.795,1999-10-19
16.774974,85.382492,15.131,14.503,14.166,1999-10-19
16.801744,85.414841,16.869,15.939,15.781,1999-10-19
16.826699,85.400681,16.774,15.862,15.727,1999-10-19
16.830355,85.410995,16.600,15.684,15.245,1999-10-19
16.912743,85.429321,15.884,15.310,15.082,1999-10-19
16.915384,85.399872,15.780,15.767,15.408,1999-10-19
16.992428,85.394012,16.684,16.429,15.773,1999-10-19
17.008807,85.384262,15.180,14.815,14.779,1999-10-19
17.181043,85.413353,14.414,14.107,14.051,1999-10-19
17.201320,85.436699,13.978,13.294,13.197,1999-10-19
17.191994,85.381912,13.000,12.845,12.643,1999-10-19
17.232495,85.382614,16.061,15.520,15.438,1999-10-19
17.272332,85.411934,16.774,16.489,15.963,1999-10-19
17.335587,85.380692,16.005,15.439,15.124,1999-10-19
17.347124,85.389557,16.499,15.904,15.705,1999-10-19
17.398823,85.435822,16.483,15.756,15.070,1999-10-19
17.378288,85.389183,15.567,15.141,15.090,1999-10-19
17.444891,85.377167,16.187,15.685,15.624,1999-10-19
17.484895,85.390480,14.040,13.736,13.799,1999-10-19
17.494686,85.393158,15.362,15.093,14.995,1999-10-19
17.451408,85.437386,16.568,15.953,15.778,1999-10-19
17.513473,85.431564,14.903,14.176,14.062,1999-10-19
17.552911,85.400452,17.164,16.489,15.964,1999-10-19
17.606459,85.400589,13.753,13.482,13.506,1999-10-19
17.648643,85.387016,16.079,15.951,15.704,1999-10-19
17.663208,85.387894,16.099,15.582,15.397,1999-10-19
17.693336,85.386932,15.231,14.924,14.775,1999-10-19
17.698623,85.377098,15.495,14.676,14.562,1999-10-19
17.797367,85.385124,16.669,16.087,15.634,1999-10-19
17.801207,85.427658,16.762,16.210,15.607,1999-10-19
17.779769,85.393402,12.535,12.085,12.013,1999-10-19
17.801471,85.375526,16.211,15.669,14.935,1999-10-19
17.809846,85.435440,15.416,14.597,14.089,1999-10-19
17.838406,85.425278,14.054,13.747,13.647,1999-10-19
17.891643,85.406334,16.910,16.281,15.824,1999-10-19
17.900775,85.425140,15.931,15.560,15.282,1999-10-19
17.879795,85.383705,16.321,15.739,15.568,1999-10-19
17.953209,85.405495,16.772,15.953,16.069,1999-10-19
17.971563,85.382248,16.187,15.525,15.232,1999-10-19
18.009175,85.384651,15.279,14.698,14.670,1999-10-19
15.025222,85.470612,15.360,15.129,14.980,1999-10-19
15.100174,85.477669,14.544,14.334,14.172,1999-10-19
15.158312,85.467590,16.791,15.824,15.851,1999-10-19
15.182399,85.452713,16.627,16.076,15.663,1999-10-19
15.178385,85.464676,15.954,15.255,15.237,1999-10-19
15.219222,85.466927,14.713,14.025,13.894,1999-10-19
15.344576,85.442001,15.880,15.500,15.434,1999-10-19
15.431948,85.483810,13.347,12.849,12.656,1999-10-19
15.446060,85.463379,15.012,14.564,14.375,1999-10-19
15.522098,85.464836,13.433,13.113,13.123,1999-10-19
15.544713,85.468498,16.691,15.951,15.320,1999-10-19
15.506879,85.468987,13.155,12.869,12.793,1999-10-19
15.500926,85.485794,16.448,15.962,15.612,1999-10-19
15.596171,85.483070,16.654,16.324,15.777,1999-10-19
15.602125,85.465721,16.608,16.035,15.968,1999-10-19
15.698901,85.463905,16.427,15.961,15.160,1999-10-19
15.719498,85.464600,15.989,16.012,14.991,1999-10-19
15.789662,85.464577,15.993,15.410,15.318,1999-10-19
15.809064,85.460258,16.483,15.686,14.753,1999-10-19
15.771668,85.495453,17.056,16.476,15.855,1999-10-19
15.832620,85.461769,16.253,15.571,15.002,1999-10-19
15.824183,85.465317,14.975,14.558,14.637,1999-10-19
15.890589,85.444550,14.554,14.170,14.067,1999-10-19
15.895849,85.454819,16.655,16.094,15.429,1999-10-19
15.966953,85.442596,16.496,16.147,16.051,1999-10-19
15.965115,85.473701,16.085,15.448,15.203,1999-10-19
16.016262,85.492844,16.036,15.803,15.546,1999-10-19
16.058131,85.477730,15.907,15.118,14.787,1999-10-19
16.062545,85.468307,16.768,16.601,17.216,1999-10-19
16.097019,85.468483,16.388,16.038,15.683,1999-10-19
16.163929,85.482651,15.913,15.548,15.191,1999-10-19
16.198133,85.476547,15.832,15.110,14.849,1999-10-19
16.199981,85.442497,16.216,15.734,15.367,1999-10-19
16.303533,85.485718,16.131,15.551,15.749,1999-10-19
16.312574,85.441460,15.308,14.718,14.478,1999-10-19
16.336813,85.442543,13.792,13.357,13.318,1999-10-19
16.386468,85.462662,14.545,13.907,13.716,1999-10-19
16.457678,85.442184,16.576,16.963,15.544,1999-10-19
16.466884,85.438110,14.843,14.199,13.915,1999-10-19
16.557123,85.471909,16.608,16.083,15.948,1999-10-19
16.500470,85.447380,15.364,14.867,14.756,1999-10-19
16.559202,85.486870,15.377,15.037,14.720,1999-10-19
16.506534,85.440414,16.317,15.699,16.144,1999-10-19
16.508116,85.456451,16.857,16.263,16.129,1999-10-19
16.584539,85.442238,15.547,14.725,14.373,1999-10-19
16.603220,85.443573,16.584,15.625,15.549,1999-10-19
16.603474,85.476509,14.217,13.846,13.673,1999-10-19
16.617755,85.477722,15.885,15.275,15.219,1999-10-19
16.639074,85.468040,16.377,15.504,15.491,1999-10-19
16.743416,85.444664,15.803,15.431,15.658,1999-10-19
16.719439,85.452103,16.185,16.184,15.782,1999-10-19
16.741689,85.441719,11.955,11.409,11.316,1999-10-19
16.719852,85.478600,16.358,15.759,17.180,1999-10-19
16.773938,85.456200,15.836,15.439,15.471,1999-10-19
16.760884,85.467270,13.685,13.409,13.371,1999-10-19
16.786641,85.442764,16.420,15.783,15.612,1999-10-19
16.872815,85.491478,16.690,16.177,15.559,1999-10-19
16.856582,85.443810,15.687,15.260,15.319,1999-10-19
16.882281,85.443649,14.929,14.260,14.078,1999-10-19
16.883927,85.449776,14.768,14.046,13.943,1999-10-19
16.999925,85.462341,15.773,15.300,14.976,1999-10-19
16.978951,85.489044,15.527,15.182,14.899,1999-10-19
17.105088,85.478790,16.695,16.070,16.092,1999-10-19
17.087662,85.438538,13.927,13.668,13.601,1999-10-19
17.097315,85.473267,14.832,14.072,13.940,1999-10-19
17.150691,85.462677,15.784,15.350,15.043,1999-10-19
17.141166,85.441376,15.137,14.701,14.508,1999-10-19
17.202266,85.482323,12.412,12.009,11.946,1999-10-19
17.300476,85.457458,14.887,14.312,14.166,1999-10-19
17.359374,85.497597,13.218,12.874,12.814,1999-10-19
17.342851,85.441139,16.433,15.721,16.453,1999-10-19
17.462278,85.468620,16.638,16.130,15.371,1999-10-19
17.591169,85.449593,15.549,14.908,14.118,1999-10-19
17.606762,85.484070,16.088,15.529,15.215,1999-10-19
17.603028,85.458443,14.704,14.063,13.919,1999-10-19
17.667340,85.470657,16.529,16.172,15.348,1999-10-19
17.683063,85.461037,16.699,15.646,15.420,1999-10-19
17.735425,85.459099,14.827,14.365,14.444,1999-10-19
17.785137,85.447258,15.241,14.707,14.512,1999-10-19
17.807469,85.438759,16.665,15.966,15.361,1999-10-19
15.068381,85.540131,14.828,14.362,14.176,1999-10-19
15.154191,85.514656,16.060,15.320,15.174,1999-10-19
15.285202,85.546410,12.619,12.339,12.293,1999-10-19
15.303947,85.561485,15.659,15.421,15.374,1999-10-19
15.336378,85.542374,14.575,14.077,13.899,1999-10-19
15.342347,85.511436,15.168,14.850,14.924,1999-10-19
15.322944,85.560966,16.399,15.417,15.363,1999-10-19
15.405910,85.529648,17.046,15.972,15.934,1999-10-19
15.487083,85.532623,13.912,13.582,13.401,1999-10-19
15.472702,85.529892,16.711,16.053,15.600,1999-10-19
15.500648,85.519028,16.798,16.115,15.188,1999-10-19
15.590743,85.554016,14.692,14.392,14.213,1999-10-19
15.689569,85.550011,15.570,14.909,14.831,1999-10-19
15.698660,85.517906,15.375,14.721,14.604,1999-10-19
15.808925,85.553337,14.965,14.772,14.633,1999-10-19
15.781977,85.523331,16.402,15.613,15.230,1999-10-19
15.871339,85.545937,15.717,15.329,15.522,1999-10-19
15.850765,85.533562,16.815,16.176,15.482,1999-10-19
15.848853,85.510750,16.757,16.290,16.050,1999-10-19
15.882116,85.504570,16.381,15.539,15.494,1999-10-19
15.879155,85.535011,16.739,15.794,15.365,1999-10-19
15.936781,85.561501,13.175,12.782,12.687,1999-10-19
15.878794,85.539970,16.070,15.388,15.198,1999-10-19
15.985009,85.558853,16.203,15.326,14.954,1999-10-19
16.061854,85.533775,15.302,14.573,14.289,1999-10-19
16.058880,85.500343,14.874,14.262,14.178,1999-10-19
16.084453,85.535294,16.655,16.065,15.579,1999-10-19
16.147703,85.502876,16.361,15.660,14.933,1999-10-19
16.130375,85.507011,16.348,15.527,14.905,1999-10-19
16.147343,85.514984,16.894,15.857,15.591,1999-10-19
16.227404,85.559494,16.428,15.844,15.741,1999-10-19
16.243939,85.530640,9.866,9.286,9.174,1999-10-19
16.285659,85.558533,15.422,15.037,15.002,1999-10-19
16.264637,85.556374,15.151,14.863,14.887,1999-10-19
16.281175,85.551620,14.246,13.574,13.377,1999-10-19
16.400517,85.514122,14.973,14.538,14.346,1999-10-19
16.406360,85.547188,16.363,15.529,14.997,1999-10-19
16.452045,85.500908,14.386,14.061,14.018,1999-10-19
16.526707,85.539406,16.716,16.065,15.979,1999-10-19
16.548200,85.543335,16.495,16.024,15.600,1999-10-19
16.617246,85.555237,17.009,16.087,15.947,1999-10-19
16.597431,85.552116,16.938,16.033,15.597,1999-10-19
16.676034,85.548195,8.874,8.543,8.516,1999-10-19
16.689646,85.525848,13.822,13.114,12.939,1999-10-19
16.722789,85.535278,16.442,15.983,16.627,1999-10-19
16.689125,85.554390,16.645,15.616,15.209,1999-10-19
16.720057,85.500168,16.436,15.766,15.653,1999-10-19
16.690728,85.503372,14.485,13.973,13.948,1999-10-19
16.716294,85.553497,16.734,15.989,15.173,1999-10-19
16.727353,85.530472,13.780,13.111,12.973,1999-10-19
16.753803,85.509148,16.376,15.912,15.793,1999-10-19
16.774316,85.524544,15.812,15.062,15.001,1999-10-19
16.908931,85.522537,16.114,15.853,15.700,1999-10-19
16.914182,85.543983,16.658,15.752,15.484,1999-10-19
16.982531,85.535309,16.566,15.970,15.479,1999-10-19
17.042983,85.515862,15.244,14.732,14.648,1999-10-19
17.035304,85.529022,14.442,13.802,13.632,1999-10-19
17.081109,85.525658,16.131,15.467,15.051,1999-10-19
17.084082,85.500526,15.190,14.472,14.313,1999-10-19
17.129885,85.505295,15.454,14.857,14.599,1999-10-19
17.174019,85.532654,16.814,16.792,16.287,1999-10-19
17.204055,85.524796,15.724,15.186,14.886,1999-10-19
17.231878,85.503540,13.171,12.984,12.871,1999-10-19
17.258653,85.542374,16.894,16.195,16.027,1999-10-19
17.416252,85.511223,16.490,15.914,15.378,1999-10-19
17.545819,85.501335,16.978,16.176,16.195,1999-10-19
15.042700,85.572769,14.157,13.926,13.824,1999-10-19
15.123401,85.622208,13.182,12.732,12.665,1999-10-19
15.094963,85.586761,12.905,12.359,12.223,1999-10-19
15.078499,85.563911,16.561,16.059,15.885,1999-10-19
15.153383,85.589165,14.310,13.778,13.645,1999-10-19
15.172117,85.602058,11.547,11.201,11.144,1999-10-19
15.171957,85.593925,16.361,15.986,15.324,1999-10-19
15.172979,85.588799,16.737,16.446,15.633,1999-10-19
15.235282,85.583252,8.908,8.314,8.177,1999-10-19
15.188968,85.601929,14.525,13.965,13.711,1999-10-19
15.278479,85.567467,13.530,13.027,12.935,1999-10-19
15.261298,85.601051,13.764,13.458,13.379,1999-10-19
15.306851,85.565117,15.288,14.606,14.769,1999-10-19
15.281369,85.592644,13.150,12.736,12.666,1999-10-19
15.360068,85.592033,12.990,12.486,12.416,1999-10-19
15.385760,85.593864,13.845,13.195,13.012,1999-10-19
15.376241,85.616508,15.472,15.361,15.181,1999-10-19
15.432268,85.599991,11.694,11.497,11.436,1999-10-19
15.487129,85.565811,15.202,14.676,14.534,1999-10-19
15.474652,85.571632,15.270,14.568,14.373,1999-10-19
15.449638,85.580162,15.870,15.142,14.873,1999-10-19
15.550311,85.618111,15.587,15.097,14.984,1999-10-19
15.554965,85.613007,16.121,15.388,15.229,1999-10-19
15.523616,85.572922,16.344,15.788,15.669,1999-10-19
15.577142,85.582237,13.377,13.058,13.058,1999-10-19
15.596663,85.594437,16.367,15.657,15.102,1999-10-19
15.699858,85.616890,15.327,15.176,15.086,1999-10-19
15.722455,85.595383,16.543,15.856,15.678,1999-10-19
15.793784,85.616920,15.677,15.123,15.196,1999-10-19
15.765567,85.573036,17.006,16.130,15.787,1999-10-19
15.785698,85.565346,16.631,16.056,15.908,1999-10-19
15.789999,85.580383,16.451,15.711,15.262,1999-10-19
15.859677,85.611053,16.421,15.980,15.239,1999-10-19
15.862523,85.618759,15.057,14.509,14.412,1999-10-19
15.855787,85.579735,14.968,14.643,14.646,1999-10-19
15.883671,85.606567,14.535,13.931,13.666,1999-10-19
15.979665,85.592766,13.535,13.097,13.018,1999-10-19
16.126946,85.616783,16.667,16.197,15.081,1999-10-19
16.216000,85.596245,12.864,12.184,12.066,1999-10-19
16.237390,85.610054,17.574,17.504,15.165,1999-10-19
16.619080,85.589890,16.744,16.397,15.897,1999-10-19
16.615551,85.600586,16.781,15.911,15.560,1999-10-19
16.664841,85.572983,14.535,14.100,14.161,1999-10-19
16.828059,85.564705,16.014,15.313,15.006,1999-10-19
16.905579,85.570229,16.109,15.506,15.229,1999-10-19
15.042927,85.633560,16.431,15.534,15.167,1999-10-19
15.058242,85.672539,15.278,14.901,14.672,1999-10-19
15.290955,85.670570,15.344,14.652,14.347,1999-10-19
15.262439,85.641319,16.430,15.816,15.509,1999-10-19
15.398325,85.684608,16.273,15.824,15.469,1999-10-19
15.437340,85.660789,16.383,15.942,15.888,1999-10-19
15.428377,85.684921,14.559,14.005,13.743,1999-10-19
15.467394,85.672836,15.768,15.448,15.475,1999-10-19
15.516857,85.634216,15.651,14.959,14.993,1999-10-19
15.543553,85.662476,17.200,16.290,15.491,1999-10-19
15.597800,85.669815,15.057,14.632,14.525,1999-10-19
15.750640,85.666695,15.273,14.698,14.792,1999-10-19
15.818444,85.626549,15.863,15.444,15.527,1999-10-19
15.871271,85.635597,12.607,12.350,12.300,1999-10-19
15.959776,85.636284,14.768,14.506,14.473,1999-10-19
16.056445,85.642418,13.559,13.029,12.954,1999-10-19
15.258598,85.690269,16.457,16.262,15.699,1999-10-19
